This is pdfTeX, Version 3.141592653-2.6-1.40.25 (MiKTeX 24.1) (preloaded format=pdflatex 2025.10.20)  2 NOV 2025 14:52
entering extended mode
 restricted \write18 enabled.
 file:line:error style messages enabled.
 %&-line parsing enabled.
**f:/Project/DACN/main.tex
(f:/Project/DACN/main.tex
LaTeX2e <2023-11-01> patch level 1
L3 programming layer <2024-01-04>
(C:\Users\ADMIN\AppData\Local\Programs\MiKTeX\tex/latex/base\article.cls
Document Class: article 2023/05/17 v1.4n Standard LaTeX document class
(C:\Users\ADMIN\AppData\Local\Programs\MiKTeX\tex/latex/base\size12.clo
File: size12.clo 2023/05/17 v1.4n Standard LaTeX file (size option)
)
\c@part=\count187
\c@section=\count188
\c@subsection=\count189
\c@subsubsection=\count190
\c@paragraph=\count191
\c@subparagraph=\count192
\c@figure=\count193
\c@table=\count194
\abovecaptionskip=\skip48
\belowcaptionskip=\skip49
\bibindent=\dimen140
) (C:\Users\ADMIN\AppData\Local\Programs\MiKTeX\tex/latex/base\fontenc.sty
Package: fontenc 2021/04/29 v2.0v Standard LaTeX package
 (C:\Users\ADMIN\AppData\Local\Programs\MiKTeX\tex/latex/vntex\t5enc.def
File: t5enc.def 2006/11/21 v1.4 Vietnamese T5 encoding
Now handling font encoding T5 ...
... processing UTF-8 mapping file for font encoding T5
 (C:\Users\ADMIN\AppData\Local\Programs\MiKTeX\tex/latex/vntex\t5enc.dfu
File: t5enc.dfu 2006/08/19 v1.1 UTF8 support for Vietnamese
   defining Unicode char U+00AB (decimal 171)
   defining Unicode char U+00BB (decimal 187)
   defining Unicode char U+00C0 (decimal 192)
   defining Unicode char U+00C1 (decimal 193)
   defining Unicode char U+00C2 (decimal 194)
   defining Unicode char U+00C3 (decimal 195)
   defining Unicode char U+00C8 (decimal 200)
   defining Unicode char U+00C9 (decimal 201)
   defining Unicode char U+00CA (decimal 202)
   defining Unicode char U+00CC (decimal 204)
   defining Unicode char U+00CD (decimal 205)
   defining Unicode char U+00D2 (decimal 210)
   defining Unicode char U+00D3 (decimal 211)
   defining Unicode char U+00D4 (decimal 212)
   defining Unicode char U+00D5 (decimal 213)
   defining Unicode char U+00D9 (decimal 217)
   defining Unicode char U+00DA (decimal 218)
   defining Unicode char U+00DD (decimal 221)
   defining Unicode char U+00E0 (decimal 224)
   defining Unicode char U+00E1 (decimal 225)
   defining Unicode char U+00E2 (decimal 226)
   defining Unicode char U+00E3 (decimal 227)
   defining Unicode char U+00E8 (decimal 232)
   defining Unicode char U+00E9 (decimal 233)
   defining Unicode char U+00EA (decimal 234)
   defining Unicode char U+00EC (decimal 236)
   defining Unicode char U+00ED (decimal 237)
   defining Unicode char U+00F2 (decimal 242)
   defining Unicode char U+00F3 (decimal 243)
   defining Unicode char U+00F4 (decimal 244)
   defining Unicode char U+00F5 (decimal 245)
   defining Unicode char U+00F9 (decimal 249)
   defining Unicode char U+00FA (decimal 250)
   defining Unicode char U+00FD (decimal 253)
   defining Unicode char U+0102 (decimal 258)
   defining Unicode char U+0103 (decimal 259)
   defining Unicode char U+0110 (decimal 272)
   defining Unicode char U+0111 (decimal 273)
   defining Unicode char U+0128 (decimal 296)
   defining Unicode char U+0129 (decimal 297)
   defining Unicode char U+0131 (decimal 305)
   defining Unicode char U+0168 (decimal 360)
   defining Unicode char U+0169 (decimal 361)
   defining Unicode char U+01A0 (decimal 416)
   defining Unicode char U+01A1 (decimal 417)
   defining Unicode char U+01AF (decimal 431)
   defining Unicode char U+01B0 (decimal 432)
   defining Unicode char U+1EA0 (decimal 7840)
   defining Unicode char U+1EA1 (decimal 7841)
   defining Unicode char U+1EA2 (decimal 7842)
   defining Unicode char U+1EA3 (decimal 7843)
   defining Unicode char U+1EA4 (decimal 7844)
   defining Unicode char U+1EA5 (decimal 7845)
   defining Unicode char U+1EA6 (decimal 7846)
   defining Unicode char U+1EA7 (decimal 7847)
   defining Unicode char U+1EA8 (decimal 7848)
   defining Unicode char U+1EA9 (decimal 7849)
   defining Unicode char U+1EAA (decimal 7850)
   defining Unicode char U+1EAB (decimal 7851)
   defining Unicode char U+1EAC (decimal 7852)
   defining Unicode char U+1EAD (decimal 7853)
   defining Unicode char U+1EAE (decimal 7854)
   defining Unicode char U+1EAF (decimal 7855)
   defining Unicode char U+1EB0 (decimal 7856)
   defining Unicode char U+1EB1 (decimal 7857)
   defining Unicode char U+1EB2 (decimal 7858)
   defining Unicode char U+1EB3 (decimal 7859)
   defining Unicode char U+1EB4 (decimal 7860)
   defining Unicode char U+1EB5 (decimal 7861)
   defining Unicode char U+1EB6 (decimal 7862)
   defining Unicode char U+1EB7 (decimal 7863)
   defining Unicode char U+1EB8 (decimal 7864)
   defining Unicode char U+1EB9 (decimal 7865)
   defining Unicode char U+1EBA (decimal 7866)
   defining Unicode char U+1EBB (decimal 7867)
   defining Unicode char U+1EBC (decimal 7868)
   defining Unicode char U+1EBD (decimal 7869)
   defining Unicode char U+1EBE (decimal 7870)
   defining Unicode char U+1EBF (decimal 7871)
   defining Unicode char U+1EC0 (decimal 7872)
   defining Unicode char U+1EC1 (decimal 7873)
   defining Unicode char U+1EC2 (decimal 7874)
   defining Unicode char U+1EC3 (decimal 7875)
   defining Unicode char U+1EC4 (decimal 7876)
   defining Unicode char U+1EC5 (decimal 7877)
   defining Unicode char U+1EC6 (decimal 7878)
   defining Unicode char U+1EC7 (decimal 7879)
   defining Unicode char U+1EC8 (decimal 7880)
   defining Unicode char U+1EC9 (decimal 7881)
   defining Unicode char U+1ECA (decimal 7882)
   defining Unicode char U+1ECB (decimal 7883)
   defining Unicode char U+1ECC (decimal 7884)
   defining Unicode char U+1ECD (decimal 7885)
   defining Unicode char U+1ECE (decimal 7886)
   defining Unicode char U+1ECF (decimal 7887)
   defining Unicode char U+1ED0 (decimal 7888)
   defining Unicode char U+1ED1 (decimal 7889)
   defining Unicode char U+1ED2 (decimal 7890)
   defining Unicode char U+1ED3 (decimal 7891)
   defining Unicode char U+1ED4 (decimal 7892)
   defining Unicode char U+1ED5 (decimal 7893)
   defining Unicode char U+1ED6 (decimal 7894)
   defining Unicode char U+1ED7 (decimal 7895)
   defining Unicode char U+1ED8 (decimal 7896)
   defining Unicode char U+1ED9 (decimal 7897)
   defining Unicode char U+1EDA (decimal 7898)
   defining Unicode char U+1EDB (decimal 7899)
   defining Unicode char U+1EDC (decimal 7900)
   defining Unicode char U+1EDD (decimal 7901)
   defining Unicode char U+1EDE (decimal 7902)
   defining Unicode char U+1EDF (decimal 7903)
   defining Unicode char U+1EE0 (decimal 7904)
   defining Unicode char U+1EE1 (decimal 7905)
   defining Unicode char U+1EE2 (decimal 7906)
   defining Unicode char U+1EE3 (decimal 7907)
   defining Unicode char U+1EE4 (decimal 7908)
   defining Unicode char U+1EE5 (decimal 7909)
   defining Unicode char U+1EE6 (decimal 7910)
   defining Unicode char U+1EE7 (decimal 7911)
   defining Unicode char U+1EE8 (decimal 7912)
   defining Unicode char U+1EE9 (decimal 7913)
   defining Unicode char U+1EEA (decimal 7914)
   defining Unicode char U+1EEB (decimal 7915)
   defining Unicode char U+1EEC (decimal 7916)
   defining Unicode char U+1EED (decimal 7917)
   defining Unicode char U+1EEE (decimal 7918)
   defining Unicode char U+1EEF (decimal 7919)
   defining Unicode char U+1EF0 (decimal 7920)
   defining Unicode char U+1EF1 (decimal 7921)
   defining Unicode char U+1EF2 (decimal 7922)
   defining Unicode char U+1EF3 (decimal 7923)
   defining Unicode char U+1EF4 (decimal 7924)
   defining Unicode char U+1EF5 (decimal 7925)
   defining Unicode char U+1EF6 (decimal 7926)
   defining Unicode char U+1EF7 (decimal 7927)
   defining Unicode char U+1EF8 (decimal 7928)
   defining Unicode char U+1EF9 (decimal 7929)
   defining Unicode char U+200C (decimal 8204)
   defining Unicode char U+2013 (decimal 8211)
   defining Unicode char U+2014 (decimal 8212)
   defining Unicode char U+2018 (decimal 8216)
   defining Unicode char U+2019 (decimal 8217)
   defining Unicode char U+201A (decimal 8218)
   defining Unicode char U+201C (decimal 8220)
   defining Unicode char U+201D (decimal 8221)
   defining Unicode char U+201E (decimal 8222)
   defining Unicode char U+2030 (decimal 8240)
   defining Unicode char U+2031 (decimal 8241)
   defining Unicode char U+2039 (decimal 8249)
   defining Unicode char U+203A (decimal 8250)
   defining Unicode char U+2423 (decimal 9251)
))) (C:\Users\ADMIN\AppData\Local\Programs\MiKTeX\tex/latex/vntex\vietnam.sty
Package: vietnam 2009/07/12 v1.3 support for Vietnamese
 (C:\Users\ADMIN\AppData\Local\Programs\MiKTeX\tex/latex/base\ifthen.sty
Package: ifthen 2022/04/13 v1.1d Standard LaTeX ifthen package (DPC)
) (C:\Users\ADMIN\AppData\Local\Programs\MiKTeX\tex/latex/base\fontenc.sty
Package: fontenc 2021/04/29 v2.0v Standard LaTeX package
LaTeX Font Info:    Trying to load font information for T5+cmr on input line 112.
 (C:\Users\ADMIN\AppData\Local\Programs\MiKTeX\tex/latex/vntex\t5cmr.fd
File: t5cmr.fd 1999/05/25 v2.5h Standard LaTeX font definitions
)) (C:\Users\ADMIN\AppData\Local\Programs\MiKTeX\tex/latex/base\inputenc.sty
Package: inputenc 2021/02/14 v1.3d Input encoding file
\inpenc@prehook=\toks17
\inpenc@posthook=\toks18
) (C:\Users\ADMIN\AppData\Local\Programs\MiKTeX\tex/latex/vntex\vncaps.tex
File: vncaps.tex 2006/06/07 v1.1 Captions in Vietnamese
)) (C:\Users\ADMIN\AppData\Local\Programs\MiKTeX\tex/latex/a4wide\a4wide.sty
Package: a4wide 1994/08/30
 (C:\Users\ADMIN\AppData\Local\Programs\MiKTeX\tex/latex/ntgclass\a4.sty
Package: a4 2023/01/10 v1.2g A4 based page layout
)) (C:\Users\ADMIN\AppData\Local\Programs\MiKTeX\tex/latex/amsfonts\amssymb.sty
Package: amssymb 2013/01/14 v3.01 AMS font symbols
 (C:\Users\ADMIN\AppData\Local\Programs\MiKTeX\tex/latex/amsfonts\amsfonts.sty
Package: amsfonts 2013/01/14 v3.01 Basic AMSFonts support
\@emptytoks=\toks19
\symAMSa=\mathgroup4
\symAMSb=\mathgroup5
LaTeX Font Info:    Redeclaring math symbol \hbar on input line 98.
LaTeX Font Info:    Overwriting math alphabet `\mathfrak' in version `bold'
(Font)                  U/euf/m/n --> U/euf/b/n on input line 106.
)) (C:\Users\ADMIN\AppData\Local\Programs\MiKTeX\tex/latex/graphics\epsfig.sty
Package: epsfig 2017/06/25 v1.7b (e)psfig emulation (SPQR)
 (C:\Users\ADMIN\AppData\Local\Programs\MiKTeX\tex/latex/graphics\graphicx.sty
Package: graphicx 2021/09/16 v1.2d Enhanced LaTeX Graphics (DPC,SPQR)
 (C:\Users\ADMIN\AppData\Local\Programs\MiKTeX\tex/latex/graphics\keyval.sty
Package: keyval 2022/05/29 v1.15 key=value parser (DPC)
\KV@toks@=\toks20
) (C:\Users\ADMIN\AppData\Local\Programs\MiKTeX\tex/latex/graphics\graphics.sty
Package: graphics 2022/03/10 v1.4e Standard LaTeX Graphics (DPC,SPQR)
 (C:\Users\ADMIN\AppData\Local\Programs\MiKTeX\tex/latex/graphics\trig.sty
Package: trig 2021/08/11 v1.11 sin cos tan (DPC)
) (C:\Users\ADMIN\AppData\Local\Programs\MiKTeX\tex/latex/graphics-cfg\graphics.cfg
File: graphics.cfg 2016/06/04 v1.11 sample graphics configuration
)
Package graphics Info: Driver file: pdftex.def on input line 107.
 (C:\Users\ADMIN\AppData\Local\Programs\MiKTeX\tex/latex/graphics-def\pdftex.def
File: pdftex.def 2022/09/22 v1.2b Graphics/color driver for pdftex
))
\Gin@req@height=\dimen141
\Gin@req@width=\dimen142
)
\epsfxsize=\dimen143
\epsfysize=\dimen144
) (C:\Users\ADMIN\AppData\Local\Programs\MiKTeX\tex/latex/base\latexsym.sty
Package: latexsym 1998/08/17 v2.2e Standard LaTeX package (lasy symbols)
\symlasy=\mathgroup6
LaTeX Font Info:    Overwriting symbol font `lasy' in version `bold'
(Font)                  U/lasy/m/n --> U/lasy/b/n on input line 52.
) (C:\Users\ADMIN\AppData\Local\Programs\MiKTeX\tex/latex/tools\array.sty
Package: array 2023/10/16 v2.5g Tabular extension package (FMi)
\col@sep=\dimen145
\ar@mcellbox=\box51
\extrarowheight=\dimen146
\NC@list=\toks21
\extratabsurround=\skip50
\backup@length=\skip51
\ar@cellbox=\box52
) (C:\Users\ADMIN\AppData\Local\Programs\MiKTeX\tex/latex/tools\hhline.sty
Package: hhline 2020/01/04 v2.04 Table rule package (DPC)
) (C:\Users\ADMIN\AppData\Local\Programs\MiKTeX\tex/latex/fancyhdr\fancyhdr.sty
Package: fancyhdr 2025/02/07 v5.2 Extensive control of page headers and footers
\f@nch@headwidth=\skip52
\f@nch@offset@elh=\skip53
\f@nch@offset@erh=\skip54
\f@nch@offset@olh=\skip55
\f@nch@offset@orh=\skip56
\f@nch@offset@elf=\skip57
\f@nch@offset@erf=\skip58
\f@nch@offset@olf=\skip59
\f@nch@offset@orf=\skip60
\f@nch@height=\skip61
\f@nch@footalignment=\skip62
\f@nch@widthL=\skip63
\f@nch@widthC=\skip64
\f@nch@widthR=\skip65
\@temptokenb=\toks22
) (C:\Users\ADMIN\AppData\Local\Programs\MiKTeX\tex/generic/babel\babel.sty
Package: babel 2024/01/07 v24.1 The Babel package
\babel@savecnt=\count195
\U@D=\dimen147
\l@unhyphenated=\language79
 (C:\Users\ADMIN\AppData\Local\Programs\MiKTeX\tex/generic/babel\txtbabel.def)
\bbl@readstream=\read2
\bbl@dirlevel=\count196

*************************************
* Local config file bblopts.cfg used
*
(C:\Users\ADMIN\AppData\Local\Programs\MiKTeX\tex/latex/arabi\bblopts.cfg
File: bblopts.cfg 2005/09/08 v0.1 add Arabic and Farsi to "declared" options of babel
) (C:\Users\ADMIN\AppData\Local\Programs\MiKTeX\tex/latex/babel-english\american.ldf
Language: american 2017/06/06 v3.3r English support from the babel system
 (C:\Users\ADMIN\AppData\Local\Programs\MiKTeX\tex/latex/babel-english\english.ldf
Language: english 2017/06/06 v3.3r English support from the babel system
Package babel Info: Hyphen rules for 'canadian' set to \l@english
(babel)             (\language0). Reported on input line 102.
Package babel Info: Hyphen rules for 'australian' set to \l@ukenglish
(babel)             (\language73). Reported on input line 105.
Package babel Info: Hyphen rules for 'newzealand' set to \l@ukenglish
(babel)             (\language73). Reported on input line 108.
))) (C:\Users\ADMIN\AppData\Local\Programs\MiKTeX\tex/generic/babel/locale/en\babel-american.tex
Package babel Info: Importing font and identification data for american
(babel)             from babel-en-US.ini. Reported on input line 11.
) (C:\Users\ADMIN\AppData\Local\Programs\MiKTeX\tex/latex/csquotes\csquotes.sty
Package: csquotes 2024-04-04 v5.2o context-sensitive quotations (JAW)
 (C:\Users\ADMIN\AppData\Local\Programs\MiKTeX\tex/latex/etoolbox\etoolbox.sty
Package: etoolbox 2020/10/05 v2.5k e-TeX tools for LaTeX (JAW)
\etb@tempcnta=\count197
)
\csq@reset=\count198
\csq@gtype=\count199
\csq@glevel=\count266
\csq@qlevel=\count267
\csq@maxlvl=\count268
\csq@tshold=\count269
\csq@ltx@everypar=\toks23
 (C:\Users\ADMIN\AppData\Local\Programs\MiKTeX\tex/latex/csquotes\csquotes.def
File: csquotes.def 2024-04-04 v5.2o csquotes generic definitions (JAW)
)
Package csquotes Info: Trying to load configuration file 'csquotes.cfg'...
Package csquotes Info: ... configuration file loaded successfully.
 (C:\Users\ADMIN\AppData\Local\Programs\MiKTeX\tex/latex/csquotes\csquotes.cfg
File: csquotes.cfg 
)
Package csquotes Info: Disabling multilingual quotes.
) (C:\Users\ADMIN\AppData\Local\Programs\MiKTeX\tex/latex/xurl\xurl.sty
Package: xurl 2022/01/09 v 0.10 modify URL breaks
 (C:\Users\ADMIN\AppData\Local\Programs\MiKTeX\tex/latex/url\url.sty
\Urlmuskip=\muskip16
Package: url 2013/09/16  ver 3.4  Verb mode for urls, etc.
)) (C:\Users\ADMIN\AppData\Local\Programs\MiKTeX\tex/latex/biblatex\biblatex.sty
Package: biblatex 2023/03/05 v3.19 programmable bibliographies (PK/MW)
 (C:\Users\ADMIN\AppData\Local\Programs\MiKTeX\tex/generic/pdftexcmds\pdftexcmds.sty
Package: pdftexcmds 2020-06-27 v0.33 Utility functions of pdfTeX for LuaTeX (HO)
 (C:\Users\ADMIN\AppData\Local\Programs\MiKTeX\tex/generic/infwarerr\infwarerr.sty
Package: infwarerr 2019/12/03 v1.5 Providing info/warning/error messages (HO)
) (C:\Users\ADMIN\AppData\Local\Programs\MiKTeX\tex/generic/iftex\iftex.sty
Package: iftex 2022/02/03 v1.0f TeX engine tests
) (C:\Users\ADMIN\AppData\Local\Programs\MiKTeX\tex/generic/ltxcmds\ltxcmds.sty
Package: ltxcmds 2023-12-04 v1.26 LaTeX kernel commands for general use (HO)
)
Package pdftexcmds Info: \pdf@primitive is available.
Package pdftexcmds Info: \pdf@ifprimitive is available.
Package pdftexcmds Info: \pdfdraftmode found.
) (C:\Users\ADMIN\AppData\Local\Programs\MiKTeX\tex/latex/kvoptions\kvoptions.sty
Package: kvoptions 2022-06-15 v3.15 Key value format for package options (HO)
 (C:\Users\ADMIN\AppData\Local\Programs\MiKTeX\tex/latex/kvsetkeys\kvsetkeys.sty
Package: kvsetkeys 2022-10-05 v1.19 Key value parser (HO)
)) (C:\Users\ADMIN\AppData\Local\Programs\MiKTeX\tex/latex/logreq\logreq.sty
Package: logreq 2010/08/04 v1.0 xml request logger
\lrq@indent=\count270
 (C:\Users\ADMIN\AppData\Local\Programs\MiKTeX\tex/latex/logreq\logreq.def
File: logreq.def 2010/08/04 v1.0 logreq spec v1.0
))
\c@tabx@nest=\count271
\c@listtotal=\count272
\c@listcount=\count273
\c@liststart=\count274
\c@liststop=\count275
\c@citecount=\count276
\c@citetotal=\count277
\c@multicitecount=\count278
\c@multicitetotal=\count279
\c@instcount=\count280
\c@maxnames=\count281
\c@minnames=\count282
\c@maxitems=\count283
\c@minitems=\count284
\c@citecounter=\count285
\c@maxcitecounter=\count286
\c@savedcitecounter=\count287
\c@uniquelist=\count288
\c@uniquename=\count289
\c@refsection=\count290
\c@refsegment=\count291
\c@maxextratitle=\count292
\c@maxextratitleyear=\count293
\c@maxextraname=\count294
\c@maxextradate=\count295
\c@maxextraalpha=\count296
\c@abbrvpenalty=\count297
\c@highnamepenalty=\count298
\c@lownamepenalty=\count299
\c@maxparens=\count300
\c@parenlevel=\count301
\blx@tempcnta=\count302
\blx@tempcntb=\count303
\blx@tempcntc=\count304
\c@blx@maxsection=\count305
\blx@maxsegment@0=\count306
\blx@notetype=\count307
\blx@parenlevel@text=\count308
\blx@parenlevel@foot=\count309
\blx@sectionciteorder@0=\count310
\blx@sectionciteorderinternal@0=\count311
\blx@entrysetcounter=\count312
\blx@biblioinstance=\count313
\labelnumberwidth=\skip66
\labelalphawidth=\skip67
\biblabelsep=\skip68
\bibitemsep=\skip69
\bibnamesep=\skip70
\bibinitsep=\skip71
\bibparsep=\skip72
\bibhang=\skip73
\blx@bcfin=\read3
\blx@bcfout=\write3
\blx@langwohyphens=\language80
\c@mincomprange=\count314
\c@maxcomprange=\count315
\c@mincompwidth=\count316
Package biblatex Info: Trying to load biblatex default data model...
Package biblatex Info: ... file 'blx-dm.def' found.
 (C:\Users\ADMIN\AppData\Local\Programs\MiKTeX\tex/latex/biblatex\blx-dm.def
File: blx-dm.def 2023/03/05 v3.19 biblatex localization (PK/MW)
)
Package biblatex Info: Trying to load biblatex style data model...
Package biblatex Info: ... file 'apa.dbx' found.
 (C:\Users\ADMIN\AppData\Local\Programs\MiKTeX\tex/latex/biblatex-apa\apa.dbx
File: apa.dbx 2025/08/27 v9.20 APA biblatex style data model
)
Package biblatex Info: Trying to load biblatex custom data model...
Package biblatex Info: ... file 'biblatex-dm.cfg' not found.
\c@afterword=\count317
\c@savedafterword=\count318
\c@annotator=\count319
\c@savedannotator=\count320
\c@author=\count321
\c@savedauthor=\count322
\c@bookauthor=\count323
\c@savedbookauthor=\count324
\c@commentator=\count325
\c@savedcommentator=\count326
\c@editor=\count327
\c@savededitor=\count328
\c@editora=\count329
\c@savededitora=\count330
\c@editorb=\count331
\c@savededitorb=\count332
\c@editorc=\count333
\c@savededitorc=\count334
\c@foreword=\count335
\c@savedforeword=\count336
\c@holder=\count337
\c@savedholder=\count338
\c@introduction=\count339
\c@savedintroduction=\count340
\c@namea=\count341
\c@savednamea=\count342
\c@nameb=\count343
\c@savednameb=\count344
\c@namec=\count345
\c@savednamec=\count346
\c@translator=\count347
\c@savedtranslator=\count348
\c@shortauthor=\count349
\c@savedshortauthor=\count350
\c@shorteditor=\count351
\c@savedshorteditor=\count352
\c@narrator=\count353
\c@savednarrator=\count354
\c@execproducer=\count355
\c@savedexecproducer=\count356
\c@execdirector=\count357
\c@savedexecdirector=\count358
\c@with=\count359
\c@savedwith=\count360
\c@labelname=\count361
\c@savedlabelname=\count362
\c@institution=\count363
\c@savedinstitution=\count364
\c@lista=\count365
\c@savedlista=\count366
\c@listb=\count367
\c@savedlistb=\count368
\c@listc=\count369
\c@savedlistc=\count370
\c@listd=\count371
\c@savedlistd=\count372
\c@liste=\count373
\c@savedliste=\count374
\c@listf=\count375
\c@savedlistf=\count376
\c@location=\count377
\c@savedlocation=\count378
\c@organization=\count379
\c@savedorganization=\count380
\c@origlocation=\count381
\c@savedoriglocation=\count382
\c@origpublisher=\count383
\c@savedorigpublisher=\count384
\c@publisher=\count385
\c@savedpublisher=\count386
\c@language=\count387
\c@savedlanguage=\count388
\c@origlanguage=\count389
\c@savedoriglanguage=\count390
\c@citation=\count391
\c@savedcitation=\count392
\c@pageref=\count393
\c@savedpageref=\count394
\shorthandwidth=\skip74
\shortjournalwidth=\skip75
\shortserieswidth=\skip76
\shorttitlewidth=\skip77
\shortauthorwidth=\skip78
\shorteditorwidth=\skip79
\locallabelnumberwidth=\skip80
\locallabelalphawidth=\skip81
\localshorthandwidth=\skip82
\localshortjournalwidth=\skip83
\localshortserieswidth=\skip84
\localshorttitlewidth=\skip85
\localshortauthorwidth=\skip86
\localshorteditorwidth=\skip87
Package biblatex Info: Trying to load compatibility code...
Package biblatex Info: ... file 'blx-compat.def' found.
 (C:\Users\ADMIN\AppData\Local\Programs\MiKTeX\tex/latex/biblatex\blx-compat.def
File: blx-compat.def 2023/03/05 v3.19 biblatex compatibility (PK/MW)
)
Package biblatex Info: Trying to load generic definitions...
Package biblatex Info: ... file 'biblatex.def' found.
 (C:\Users\ADMIN\AppData\Local\Programs\MiKTeX\tex/latex/biblatex\biblatex.def
File: biblatex.def 2023/03/05 v3.19 biblatex compatibility (PK/MW)
\c@textcitecount=\count395
\c@textcitetotal=\count396
\c@textcitemaxnames=\count397
\c@biburlbigbreakpenalty=\count398
\c@biburlbreakpenalty=\count399
\c@biburlnumpenalty=\count400
\c@biburlucpenalty=\count401
\c@biburllcpenalty=\count402
\biburlbigskip=\muskip17
\biburlnumskip=\muskip18
\biburlucskip=\muskip19
\biburllcskip=\muskip20
\c@smartand=\count403
)
Package biblatex Info: Trying to load bibliography style 'apa'...
Package biblatex Info: ... file 'apa.bbx' found.
 (C:\Users\ADMIN\AppData\Local\Programs\MiKTeX\tex/latex/biblatex-apa\apa.bbx
File: apa.bbx 2025/08/27 v9.20 APA biblatex references style
Package biblatex Info: Trying to load bibliography style 'standard'...
Package biblatex Info: ... file 'standard.bbx' found.
 (C:\Users\ADMIN\AppData\Local\Programs\MiKTeX\tex/latex/biblatex/bbx\standard.bbx
File: standard.bbx 2023/03/05 v3.19 biblatex bibliography style (PK/MW)
\c@bbx:relatedcount=\count404
\c@bbx:relatedtotal=\count405
)
Package biblatex Info: Delimiter 'nameyeardelim' in context 'bib' already defined, overwriting.
Package biblatex Info: Delimiter 'nameyeardelim' in context 'biblist' already defined, overwriting.
Package biblatex Info: Delimiter 'nonameyeardelim' in context 'bib' already defined, overwriting.
Package biblatex Info: Delimiter 'nonameyeardelim' in context 'biblist' already defined, overwriting.
)
Package biblatex Info: Trying to load citation style 'numeric'...
Package biblatex Info: ... file 'numeric.cbx' found.
 (C:\Users\ADMIN\AppData\Local\Programs\MiKTeX\tex/latex/biblatex/cbx\numeric.cbx
File: numeric.cbx 2023/03/05 v3.19 biblatex citation style (PK/MW)
Package biblatex Info: Redefining '\cite'.
Package biblatex Info: Redefining '\parencite'.
Package biblatex Info: Redefining '\footcite'.
Package biblatex Info: Redefining '\footcitetext'.
Package biblatex Info: Redefining '\smartcite'.
Package biblatex Info: Redefining '\supercite'.
Package biblatex Info: Redefining '\textcite'.
Package biblatex Info: Redefining '\textcites'.
Package biblatex Info: Redefining '\cites'.
Package biblatex Info: Redefining '\parencites'.
Package biblatex Info: Redefining '\smartcites'.
)
Package biblatex Info: Trying to load configuration file...
Package biblatex Info: ... file 'biblatex.cfg' found.
 (C:\Users\ADMIN\AppData\Local\Programs\MiKTeX\tex/latex/biblatex\biblatex.cfg
File: biblatex.cfg 
)
Package biblatex Info: Input encoding 'utf8' detected.
Package biblatex Info: Document encoding is UTF8 ....
 (C:\Users\ADMIN\AppData\Local\Programs\MiKTeX\tex/latex/l3kernel\expl3.sty
Package: expl3 2024-01-04 L3 programming layer (loader) 
 (C:\Users\ADMIN\AppData\Local\Programs\MiKTeX\tex/latex/l3backend\l3backend-pdftex.def
File: l3backend-pdftex.def 2024-01-04 L3 backend support: PDF output (pdfTeX)
\l__color_backend_stack_int=\count406
\l__pdf_internal_box=\box53
))
Package biblatex Info: ... and expl3
(biblatex)             2024-01-04 L3 programming layer (loader) 
(biblatex)             is new enough (at least 2020/04/06),
(biblatex)             setting 'casechanger=expl3'.
 (C:\Users\ADMIN\AppData\Local\Programs\MiKTeX\tex/latex/biblatex\blx-case-expl3.sty (C:\Users\ADMIN\AppData\Local\Programs\MiKTeX\tex/latex/l3packages/xparse\xparse.sty
Package: xparse 2023-10-10 L3 Experimental document command parser
)
Package: blx-case-expl3 2023/03/05 v3.19 expl3 case changing code for biblatex
)) (C:\Users\ADMIN\AppData\Local\Programs\MiKTeX\tex/latex/appendix\appendix.sty
Package: appendix 2020/02/08 v1.2c extra appendix facilities
\c@@pps=\count407
\c@@ppsavesec=\count408
\c@@ppsaveapp=\count409
) (C:\Users\ADMIN\AppData\Local\Programs\MiKTeX\tex/latex/psnfss\pifont.sty
Package: pifont 2020/03/25 PSNFSS-v9.3 Pi font support (SPQR) 
LaTeX Font Info:    Trying to load font information for U+pzd on input line 63.
 (C:\Users\ADMIN\AppData\Local\Programs\MiKTeX\tex/latex/psnfss\upzd.fd
File: upzd.fd 2001/06/04 font definitions for U/pzd.
)
LaTeX Font Info:    Trying to load font information for U+psy on input line 64.
 (C:\Users\ADMIN\AppData\Local\Programs\MiKTeX\tex/latex/psnfss\upsy.fd
File: upsy.fd 2001/06/04 font definitions for U/psy.
)) (C:\Users\ADMIN\AppData\Local\Programs\MiKTeX\tex/latex/vcell\vcell.sty
Package: vcell 2021/04/30 v1.0.2
\rowheight=\dimen148
\rowht=\dimen149
\rowdp=\dimen150
\@cellcount=\count410
\@cellusecount=\count411
\@celltemp=\box54
) (C:\Users\ADMIN\AppData\Local\Programs\MiKTeX\tex/latex/tabularray\tabularray.sty
Package: tabularray 2025-08-29 v2025B Typeset tabulars and arrays with LaTeX3
\l__tblr_a_int=\count412
\l__tblr_c_int=\count413
\l__tblr_r_int=\count414
\l__tblr_d_dim=\dimen151
\l__tblr_h_dim=\dimen152
\l__tblr_o_dim=\dimen153
\l__tblr_p_dim=\dimen154
\l__tblr_q_dim=\dimen155
\l__tblr_r_dim=\dimen156
\l__tblr_s_dim=\dimen157
\l__tblr_t_dim=\dimen158
\l__tblr_v_dim=\dimen159
\l__tblr_w_dim=\dimen160
\l__tblr_a_box=\box55
\l__tblr_b_box=\box56
\l__tblr_c_box=\box57
\l__tblr_d_box=\box58
\c@tblrcount=\count415
\c@rownum=\count416
\c@colnum=\count417
\c@rowcount=\count418
\c@colcount=\count419
\abovesep=\dimen161
\belowsep=\dimen162
\leftsep=\dimen163
\rightsep=\dimen164
\gTblrLevelInt=\count420
\g__tblr_data_row_key_count_int=\count421
\g__tblr_data_column_key_count_int=\count422
\g__tblr_data_cell_key_count_int=\count423
\g__tblr_array_int=\count424
\l__tblr_key_count_int=\count425
\l__tblr_key_quotient_int=\count426
\l__tblr_key_quotient_two_int=\count427
\l__tblr_key_remainder_int=\count428
\g__tblr_data_str_value_count_int=\count429
\lTblrChildTotalInt=\count430
\lTblrChildHtotalInt=\count431
\lTblrChildVtotalInt=\count432
\l__child_diff_h_int=\count433
\l__child_diff_v_int=\count434
\l__child_sign_h_int=\count435
\l__child_sign_v_int=\count436
\l__child_step_int=\count437
\lTblrDefaultHruleWidthDim=\dimen165
\lTblrDefaultVruleWidthDim=\dimen166
\l__tblr_split_balance_int=\count438
\l__tblr_strut_dp_dim=\dimen167
\l__tblr_strut_ht_dim=\dimen168
\g__tblr_cell_wd_dim=\dimen169
\g__tblr_cell_ht_dim=\dimen170
\g__tblr_cell_head_dim=\dimen171
\g__tblr_cell_foot_dim=\dimen172
\l__tblr_measured_cell_box=\box59
\g__tblr_last_box=\box60
\l__tblr_temp_box=\box61
\l__tblr_column_target_dim=\dimen173
\l__tblr_hfuzz_dim=\dimen174
\l__tblr_caption_box=\box62
\l__tblr_caption_left_box=\box63
\lTblrRowHeadInt=\count439
\lTblrRowFootInt=\count440
\l__tblr_row_head_box=\box64
\l__tblr_row_foot_box=\box65
\l__tblr_row_head_foot_dim=\dimen175
\lTblrTableWidthDim=\dimen176
\l__tblr_table_firsthead_box=\box66
\l__tblr_table_middlehead_box=\box67
\l__tblr_table_lasthead_box=\box68
\l__tblr_table_firstfoot_box=\box69
\l__tblr_table_middlefoot_box=\box70
\l__tblr_table_lastfoot_box=\box71
\l__tblr_remain_height_dim=\dimen177
\l__tblr_long_from_int=\count441
\l__tblr_long_to_int=\count442
\l__tblr_curr_i_int=\count443
\l__tblr_prev_i_int=\count444
\lTblrTablePageInt=\count445
\l__tblr_table_head_box=\box72
\l__tblr_table_foot_box=\box73
\l__tblr_table_head_foot_dim=\dimen178
\l__tblr_table_head_body_foot_dim=\dimen179
\l__tblr_table_box=\box74
\lTblrRowFirstInt=\count446
\lTblrRowLastInt=\count447
\l__tblr_table_hlines_box=\box75
\l__tblr_hline_box=\box76
\l__tblr_row_box=\box77
\l__tblr_col_o_wd_dim=\dimen180
\l__tblr_col_b_wd_dim=\dimen181
\l__tblr_hline_leftskip_dim=\dimen182
\l__tblr_hline_rightskip_dim=\dimen183
\l__tblr_row_ht_dim=\dimen184
\l__tblr_row_dp_dim=\dimen185
\l__tblr_row_abovesep_dim=\dimen186
\l__tblr_row_belowsep_dim=\dimen187
\l__tblr_row_vlines_box=\box78
\l__tblr_vline_box=\box79
\l__tblr_cell_box=\box80
\l__tblr_row_upper_dim=\dimen188
\l__tblr_row_lower_dim=\dimen189
\l__tblr_row_vpace_dim=\dimen190
\l__tblr_vline_aboveskip_dim=\dimen191
\l__tblr_vline_belowskip_dim=\dimen192
\lTblrCellRowSpanInt=\count448
\lTblrCellColSpanInt=\count449
\l__tblr_cell_wd_dim=\dimen193
\l__tblr_cell_ht_dim=\dimen194
\lTblrCellAboveBorderWidthDim=\dimen195
\lTblrCellBelowBorderWidthDim=\dimen196
\lTblrCellLeftBorderWidthDim=\dimen197
\lTblrCellRightBorderWidthDim=\dimen198
\l__tblr_diag_box=\box81
\l__tblr_cell_inner_wd_dim=\dimen199
\l__tblr_cell_inner_dp_dim=\dimen256
\l__tblr_cell_hanchor_dim=\dimen257
\l__tblr_last_cell_table_ht_dim=\dimen258
\l__tblr_last_cell_table_dp_dim=\dimen259
\l__tblr_last_vline_wd_dim=\dimen260
\l__tblr_tikz_node_box=\box82
) (C:\Users\ADMIN\AppData\Local\Programs\MiKTeX\tex/latex/cancel\cancel.sty
Package: cancel 2013/04/12 v2.2 Cancel math terms
) (C:\Users\ADMIN\AppData\Local\Programs\MiKTeX\tex/latex/amsmath\amsmath.sty
Package: amsmath 2023/05/13 v2.17o AMS math features
\@mathmargin=\skip88

For additional information on amsmath, use the `?' option.
(C:\Users\ADMIN\AppData\Local\Programs\MiKTeX\tex/latex/amsmath\amstext.sty
Package: amstext 2021/08/26 v2.01 AMS text
 (C:\Users\ADMIN\AppData\Local\Programs\MiKTeX\tex/latex/amsmath\amsgen.sty
File: amsgen.sty 1999/11/30 v2.0 generic functions
\@emptytoks=\toks24
\ex@=\dimen261
)) (C:\Users\ADMIN\AppData\Local\Programs\MiKTeX\tex/latex/amsmath\amsbsy.sty
Package: amsbsy 1999/11/29 v1.2d Bold Symbols
\pmbraise@=\dimen262
) (C:\Users\ADMIN\AppData\Local\Programs\MiKTeX\tex/latex/amsmath\amsopn.sty
Package: amsopn 2022/04/08 v2.04 operator names
)
\inf@bad=\count450
LaTeX Info: Redefining \frac on input line 234.
\uproot@=\count451
\leftroot@=\count452
LaTeX Info: Redefining \overline on input line 399.
LaTeX Info: Redefining \colon on input line 410.
\classnum@=\count453
\DOTSCASE@=\count454
LaTeX Info: Redefining \ldots on input line 496.
LaTeX Info: Redefining \dots on input line 499.
LaTeX Info: Redefining \cdots on input line 620.
\Mathstrutbox@=\box83
\strutbox@=\box84
LaTeX Info: Redefining \big on input line 722.
LaTeX Info: Redefining \Big on input line 723.
LaTeX Info: Redefining \bigg on input line 724.
LaTeX Info: Redefining \Bigg on input line 725.
\big@size=\dimen263
LaTeX Font Info:    Redeclaring font encoding OML on input line 743.
LaTeX Font Info:    Redeclaring font encoding OMS on input line 744.
\macc@depth=\count455
LaTeX Info: Redefining \bmod on input line 905.
LaTeX Info: Redefining \pmod on input line 910.
LaTeX Info: Redefining \smash on input line 940.
LaTeX Info: Redefining \relbar on input line 970.
LaTeX Info: Redefining \Relbar on input line 971.
\c@MaxMatrixCols=\count456
\dotsspace@=\muskip21
\c@parentequation=\count457
\dspbrk@lvl=\count458
\tag@help=\toks25
\row@=\count459
\column@=\count460
\maxfields@=\count461
\andhelp@=\toks26
\eqnshift@=\dimen264
\alignsep@=\dimen265
\tagshift@=\dimen266
\tagwidth@=\dimen267
\totwidth@=\dimen268
\lineht@=\dimen269
\@envbody=\toks27
\multlinegap=\skip89
\multlinetaggap=\skip90
\mathdisplay@stack=\toks28
LaTeX Info: Redefining \[ on input line 2953.
LaTeX Info: Redefining \] on input line 2954.
) (C:\Users\ADMIN\AppData\Local\Programs\MiKTeX\tex/latex/amscls\amsthm.sty
Package: amsthm 2020/05/29 v2.20.6
\thm@style=\toks29
\thm@bodyfont=\toks30
\thm@headfont=\toks31
\thm@notefont=\toks32
\thm@headpunct=\toks33
\thm@preskip=\skip91
\thm@postskip=\skip92
\thm@headsep=\skip93
\dth@everypar=\toks34
) (C:\Users\ADMIN\AppData\Local\Programs\MiKTeX\tex/latex/tools\multicol.sty
Package: multicol 2023/03/30 v1.9f multicolumn formatting (FMi)
\c@tracingmulticols=\count462
\mult@box=\box85
\multicol@leftmargin=\dimen270
\c@unbalance=\count463
\c@collectmore=\count464
\doublecol@number=\count465
\multicoltolerance=\count466
\multicolpretolerance=\count467
\full@width=\dimen271
\page@free=\dimen272
\premulticols=\dimen273
\postmulticols=\dimen274
\multicolsep=\skip94
\multicolbaselineskip=\skip95
\partial@page=\box86
\last@line=\box87
\mc@boxedresult=\box88
\maxbalancingoverflow=\dimen275
\mult@rightbox=\box89
\mult@grightbox=\box90
\mult@firstbox=\box91
\mult@gfirstbox=\box92
\@tempa=\box93
\@tempa=\box94
\@tempa=\box95
\@tempa=\box96
\@tempa=\box97
\@tempa=\box98
\@tempa=\box99
\@tempa=\box100
\@tempa=\box101
\@tempa=\box102
\@tempa=\box103
\@tempa=\box104
\@tempa=\box105
\@tempa=\box106
\@tempa=\box107
\@tempa=\box108
\@tempa=\box109
\@tempa=\box110
\@tempa=\box111
\@tempa=\box112
\@tempa=\box113
\@tempa=\box114
\@tempa=\box115
\@tempa=\box116
\@tempa=\box117
\@tempa=\box118
\@tempa=\box119
\@tempa=\box120
\@tempa=\box121
\@tempa=\box122
\@tempa=\box123
\@tempa=\box124
\@tempa=\box125
\@tempa=\box126
\@tempa=\box127
\@tempa=\box128
\c@minrows=\count468
\c@columnbadness=\count469
\c@finalcolumnbadness=\count470
\last@try=\dimen276
\multicolovershoot=\dimen277
\multicolundershoot=\dimen278
\mult@nat@firstbox=\box129
\colbreak@box=\box130
\mc@col@check@num=\count471
) (C:\Users\ADMIN\AppData\Local\Programs\MiKTeX\tex/latex/tools\longtable.sty
Package: longtable 2023-11-01 v4.19 Multi-page Table package (DPC)
\LTleft=\skip96
\LTright=\skip97
\LTpre=\skip98
\LTpost=\skip99
\LTchunksize=\count472
\LTcapwidth=\dimen279
\LT@head=\box131
\LT@firsthead=\box132
\LT@foot=\box133
\LT@lastfoot=\box134
\LT@gbox=\box135
\LT@cols=\count473
\LT@rows=\count474
\c@LT@tables=\count475
\c@LT@chunks=\count476
\LT@p@ftn=\toks35
) (C:\Users\ADMIN\AppData\Local\Programs\MiKTeX\tex/latex/amsmath\amscd.sty
Package: amscd 2017/04/14 v2.1 AMS Commutative Diagrams
\athelp@=\toks36
\minaw@=\dimen280
\bigaw@=\dimen281
\minCDarrowwidth=\dimen282
) (C:\Users\ADMIN\AppData\Local\Programs\MiKTeX\tex/latex/diagbox\diagbox.sty
Package: diagbox 2020/02/09 v2.3 Making table heads with diagonal lines
 (C:\Users\ADMIN\AppData\Local\Programs\MiKTeX\tex/latex/pict2e\pict2e.sty
Package: pict2e 2020/09/30 v0.4b Improved picture commands (HjG,RN,JT)
 (C:\Users\ADMIN\AppData\Local\Programs\MiKTeX\tex/latex/pict2e\pict2e.cfg
File: pict2e.cfg 2016/02/05 v0.1u pict2e configuration for teTeX/TeXLive
)
Package pict2e Info: Driver file: pdftex.def on input line 112.
Package pict2e Info: Driver file for pict2e: p2e-pdftex.def on input line 114.
 (C:\Users\ADMIN\AppData\Local\Programs\MiKTeX\tex/latex/pict2e\p2e-pdftex.def
File: p2e-pdftex.def 2016/02/05 v0.1u Driver-dependant file (RN,HjG,JT)
)
\pIIe@GRAPH=\toks37
\@arclen=\dimen283
\@arcrad=\dimen284
\pIIe@tempdima=\dimen285
\pIIe@tempdimb=\dimen286
\pIIe@tempdimc=\dimen287
\pIIe@tempdimd=\dimen288
\pIIe@tempdime=\dimen289
\pIIe@tempdimf=\dimen290
) (C:\Users\ADMIN\AppData\Local\Programs\MiKTeX\tex/latex/tools\calc.sty
Package: calc 2023/07/08 v4.3 Infix arithmetic (KKT,FJ)
\calc@Acount=\count477
\calc@Bcount=\count478
\calc@Adimen=\dimen291
\calc@Bdimen=\dimen292
\calc@Askip=\skip100
\calc@Bskip=\skip101
LaTeX Info: Redefining \setlength on input line 80.
LaTeX Info: Redefining \addtolength on input line 81.
\calc@Ccount=\count479
\calc@Cskip=\skip102
)
\diagbox@boxa=\box136
\diagbox@boxb=\box137
\diagbox@boxm=\box138
\diagbox@wd=\dimen293
\diagbox@ht=\dimen294
\diagbox@insepl=\dimen295
\diagbox@insepr=\dimen296
\diagbox@outsepl=\dimen297
\diagbox@outsepr=\dimen298
) (C:\Users\ADMIN\AppData\Local\Programs\MiKTeX\tex/latex/booktabs\booktabs.sty
Package: booktabs 2020/01/12 v1.61803398 Publication quality tables
\heavyrulewidth=\dimen299
\lightrulewidth=\dimen300
\cmidrulewidth=\dimen301
\belowrulesep=\dimen302
\belowbottomsep=\dimen303
\aboverulesep=\dimen304
\abovetopsep=\dimen305
\cmidrulesep=\dimen306
\cmidrulekern=\dimen307
\defaultaddspace=\dimen308
\@cmidla=\count480
\@cmidlb=\count481
\@aboverulesep=\dimen309
\@belowrulesep=\dimen310
\@thisruleclass=\count482
\@lastruleclass=\count483
\@thisrulewidth=\dimen311
) (C:\Users\ADMIN\AppData\Local\Programs\MiKTeX\tex/latex/base\alltt.sty
Package: alltt 2021/01/29 v2.0g defines alltt environment
) (C:\Users\ADMIN\AppData\Local\Programs\MiKTeX\tex/latex/mdframed\mdframed.sty
Package: mdframed 2013/07/01 1.9b: mdframed
 (C:\Users\ADMIN\AppData\Local\Programs\MiKTeX\tex/latex/zref\zref-abspage.sty
Package: zref-abspage 2025-06-08 v2.36 Module abspage for zref (HO)
 (C:\Users\ADMIN\AppData\Local\Programs\MiKTeX\tex/latex/zref\zref-base.sty
Package: zref-base 2025-06-08 v2.36 Module base for zref (HO)
 (C:\Users\ADMIN\AppData\Local\Programs\MiKTeX\tex/generic/kvdefinekeys\kvdefinekeys.sty
Package: kvdefinekeys 2019-12-19 v1.6 Define keys (HO)
) (C:\Users\ADMIN\AppData\Local\Programs\MiKTeX\tex/generic/etexcmds\etexcmds.sty
Package: etexcmds 2019/12/15 v1.7 Avoid name clashes with e-TeX commands (HO)
) (C:\Users\ADMIN\AppData\Local\Programs\MiKTeX\tex/latex/auxhook\auxhook.sty
Package: auxhook 2019-12-17 v1.6 Hooks for auxiliary files (HO)
)
Package zref Info: New property list: main on input line 767.
Package zref Info: New property: default on input line 768.
Package zref Info: New property: page on input line 769.
)
\c@abspage=\count484
Package zref Info: New property: abspage on input line 67.
) (C:\Users\ADMIN\AppData\Local\Programs\MiKTeX\tex/latex/needspace\needspace.sty
Package: needspace 2025/03/13 v1.3e reserve vertical space
) (C:\Users\ADMIN\AppData\Local\Programs\MiKTeX\tex/latex/graphics\color.sty
Package: color 2022/01/06 v1.3d Standard LaTeX Color (DPC)
 (C:\Users\ADMIN\AppData\Local\Programs\MiKTeX\tex/latex/graphics-cfg\color.cfg
File: color.cfg 2016/01/02 v1.6 sample color configuration
)
Package color Info: Driver file: pdftex.def on input line 149.
 (C:\Users\ADMIN\AppData\Local\Programs\MiKTeX\tex/latex/graphics\mathcolor.ltx))
\mdf@templength=\skip103
\c@mdf@globalstyle@cnt=\count485
\mdf@skipabove@length=\skip104
\mdf@skipbelow@length=\skip105
\mdf@leftmargin@length=\skip106
\mdf@rightmargin@length=\skip107
\mdf@innerleftmargin@length=\skip108
\mdf@innerrightmargin@length=\skip109
\mdf@innertopmargin@length=\skip110
\mdf@innerbottommargin@length=\skip111
\mdf@splittopskip@length=\skip112
\mdf@splitbottomskip@length=\skip113
\mdf@outermargin@length=\skip114
\mdf@innermargin@length=\skip115
\mdf@linewidth@length=\skip116
\mdf@innerlinewidth@length=\skip117
\mdf@middlelinewidth@length=\skip118
\mdf@outerlinewidth@length=\skip119
\mdf@roundcorner@length=\skip120
\mdf@footenotedistance@length=\skip121
\mdf@userdefinedwidth@length=\skip122
\mdf@needspace@length=\skip123
\mdf@frametitleaboveskip@length=\skip124
\mdf@frametitlebelowskip@length=\skip125
\mdf@frametitlerulewidth@length=\skip126
\mdf@frametitleleftmargin@length=\skip127
\mdf@frametitlerightmargin@length=\skip128
\mdf@shadowsize@length=\skip129
\mdf@extratopheight@length=\skip130
\mdf@subtitleabovelinewidth@length=\skip131
\mdf@subtitlebelowlinewidth@length=\skip132
\mdf@subtitleaboveskip@length=\skip133
\mdf@subtitlebelowskip@length=\skip134
\mdf@subtitleinneraboveskip@length=\skip135
\mdf@subtitleinnerbelowskip@length=\skip136
\mdf@subsubtitleabovelinewidth@length=\skip137
\mdf@subsubtitlebelowlinewidth@length=\skip138
\mdf@subsubtitleaboveskip@length=\skip139
\mdf@subsubtitlebelowskip@length=\skip140
\mdf@subsubtitleinneraboveskip@length=\skip141
\mdf@subsubtitleinnerbelowskip@length=\skip142
 (C:\Users\ADMIN\AppData\Local\Programs\MiKTeX\tex/latex/pgf/frontendlayer\tikz.sty (C:\Users\ADMIN\AppData\Local\Programs\MiKTeX\tex/latex/pgf/basiclayer\pgf.sty (C:\Users\ADMIN\AppData\Local\Programs\MiKTeX\tex/latex/pgf/utilities\pgfrcs.sty (C:\Users\ADMIN\AppData\Local\Programs\MiKTeX\tex/generic/pgf/utilities\pgfutil-common.tex
\pgfutil@everybye=\toks38
\pgfutil@tempdima=\dimen312
\pgfutil@tempdimb=\dimen313
) (C:\Users\ADMIN\AppData\Local\Programs\MiKTeX\tex/generic/pgf/utilities\pgfutil-latex.def
\pgfutil@abb=\box139
) (C:\Users\ADMIN\AppData\Local\Programs\MiKTeX\tex/generic/pgf/utilities\pgfrcs.code.tex (C:\Users\ADMIN\AppData\Local\Programs\MiKTeX\tex/generic/pgf\pgf.revision.tex)
Package: pgfrcs 2023-01-15 v3.1.10 (3.1.10)
))
Package: pgf 2023-01-15 v3.1.10 (3.1.10)
 (C:\Users\ADMIN\AppData\Local\Programs\MiKTeX\tex/latex/pgf/basiclayer\pgfcore.sty (C:\Users\ADMIN\AppData\Local\Programs\MiKTeX\tex/latex/pgf/systemlayer\pgfsys.sty (C:\Users\ADMIN\AppData\Local\Programs\MiKTeX\tex/generic/pgf/systemlayer\pgfsys.code.tex
Package: pgfsys 2023-01-15 v3.1.10 (3.1.10)
 (C:\Users\ADMIN\AppData\Local\Programs\MiKTeX\tex/generic/pgf/utilities\pgfkeys.code.tex
\pgfkeys@pathtoks=\toks39
\pgfkeys@temptoks=\toks40
 (C:\Users\ADMIN\AppData\Local\Programs\MiKTeX\tex/generic/pgf/utilities\pgfkeyslibraryfiltered.code.tex
\pgfkeys@tmptoks=\toks41
))
\pgf@x=\dimen314
\pgf@y=\dimen315
\pgf@xa=\dimen316
\pgf@ya=\dimen317
\pgf@xb=\dimen318
\pgf@yb=\dimen319
\pgf@xc=\dimen320
\pgf@yc=\dimen321
\pgf@xd=\dimen322
\pgf@yd=\dimen323
\w@pgf@writea=\write4
\r@pgf@reada=\read4
\c@pgf@counta=\count486
\c@pgf@countb=\count487
\c@pgf@countc=\count488
\c@pgf@countd=\count489
\t@pgf@toka=\toks42
\t@pgf@tokb=\toks43
\t@pgf@tokc=\toks44
\pgf@sys@id@count=\count490
 (C:\Users\ADMIN\AppData\Local\Programs\MiKTeX\tex/generic/pgf/systemlayer\pgf.cfg
File: pgf.cfg 2023-01-15 v3.1.10 (3.1.10)
)
Driver file for pgf: pgfsys-pdftex.def
 (C:\Users\ADMIN\AppData\Local\Programs\MiKTeX\tex/generic/pgf/systemlayer\pgfsys-pdftex.def
File: pgfsys-pdftex.def 2023-01-15 v3.1.10 (3.1.10)
 (C:\Users\ADMIN\AppData\Local\Programs\MiKTeX\tex/generic/pgf/systemlayer\pgfsys-common-pdf.def
File: pgfsys-common-pdf.def 2023-01-15 v3.1.10 (3.1.10)
))) (C:\Users\ADMIN\AppData\Local\Programs\MiKTeX\tex/generic/pgf/systemlayer\pgfsyssoftpath.code.tex
File: pgfsyssoftpath.code.tex 2023-01-15 v3.1.10 (3.1.10)
\pgfsyssoftpath@smallbuffer@items=\count491
\pgfsyssoftpath@bigbuffer@items=\count492
) (C:\Users\ADMIN\AppData\Local\Programs\MiKTeX\tex/generic/pgf/systemlayer\pgfsysprotocol.code.tex
File: pgfsysprotocol.code.tex 2023-01-15 v3.1.10 (3.1.10)
)) (C:\Users\ADMIN\AppData\Local\Programs\MiKTeX\tex/latex/xcolor\xcolor.sty
Package: xcolor 2023/11/15 v3.01 LaTeX color extensions (UK)
 (C:\Users\ADMIN\AppData\Local\Programs\MiKTeX\tex/latex/graphics-cfg\color.cfg
File: color.cfg 2016/01/02 v1.6 sample color configuration
)
Package xcolor Info: Driver file: pdftex.def on input line 274.
LaTeX Info: Redefining \color on input line 758.
 (C:\Users\ADMIN\AppData\Local\Programs\MiKTeX\tex/latex/graphics\mathcolor.ltx)
Package xcolor Info: Model `cmy' substituted by `cmy0' on input line 1350.
Package xcolor Info: Model `hsb' substituted by `rgb' on input line 1354.
Package xcolor Info: Model `RGB' extended on input line 1366.
Package xcolor Info: Model `HTML' substituted by `rgb' on input line 1368.
Package xcolor Info: Model `Hsb' substituted by `hsb' on input line 1369.
Package xcolor Info: Model `tHsb' substituted by `hsb' on input line 1370.
Package xcolor Info: Model `HSB' substituted by `hsb' on input line 1371.
Package xcolor Info: Model `Gray' substituted by `gray' on input line 1372.
Package xcolor Info: Model `wave' substituted by `hsb' on input line 1373.
) (C:\Users\ADMIN\AppData\Local\Programs\MiKTeX\tex/latex/ninecolors\ninecolors.sty
Package: ninecolors 2022-02-13 v2022D Select colors with proper color contrast
) (C:\Users\ADMIN\AppData\Local\Programs\MiKTeX\tex/generic/pgf/basiclayer\pgfcore.code.tex
Package: pgfcore 2023-01-15 v3.1.10 (3.1.10)
 (C:\Users\ADMIN\AppData\Local\Programs\MiKTeX\tex/generic/pgf/math\pgfmath.code.tex (C:\Users\ADMIN\AppData\Local\Programs\MiKTeX\tex/generic/pgf/math\pgfmathutil.code.tex) (C:\Users\ADMIN\AppData\Local\Programs\MiKTeX\tex/generic/pgf/math\pgfmathparser.code.tex
\pgfmath@dimen=\dimen324
\pgfmath@count=\count493
\pgfmath@box=\box140
\pgfmath@toks=\toks45
\pgfmath@stack@operand=\toks46
\pgfmath@stack@operation=\toks47
) (C:\Users\ADMIN\AppData\Local\Programs\MiKTeX\tex/generic/pgf/math\pgfmathfunctions.code.tex) (C:\Users\ADMIN\AppData\Local\Programs\MiKTeX\tex/generic/pgf/math\pgfmathfunctions.basic.code.tex) (C:\Users\ADMIN\AppData\Local\Programs\MiKTeX\tex/generic/pgf/math\pgfmathfunctions.trigonometric.code.tex) (C:\Users\ADMIN\AppData\Local\Programs\MiKTeX\tex/generic/pgf/math\pgfmathfunctions.random.code.tex) (C:\Users\ADMIN\AppData\Local\Programs\MiKTeX\tex/generic/pgf/math\pgfmathfunctions.comparison.code.tex) (C:\Users\ADMIN\AppData\Local\Programs\MiKTeX\tex/generic/pgf/math\pgfmathfunctions.base.code.tex) (C:\Users\ADMIN\AppData\Local\Programs\MiKTeX\tex/generic/pgf/math\pgfmathfunctions.round.code.tex) (C:\Users\ADMIN\AppData\Local\Programs\MiKTeX\tex/generic/pgf/math\pgfmathfunctions.misc.code.tex) (C:\Users\ADMIN\AppData\Local\Programs\MiKTeX\tex/generic/pgf/math\pgfmathfunctions.integerarithmetics.code.tex) (C:\Users\ADMIN\AppData\Local\Programs\MiKTeX\tex/generic/pgf/math\pgfmathcalc.code.tex) (C:\Users\ADMIN\AppData\Local\Programs\MiKTeX\tex/generic/pgf/math\pgfmathfloat.code.tex
\c@pgfmathroundto@lastzeros=\count494
)) (C:\Users\ADMIN\AppData\Local\Programs\MiKTeX\tex/generic/pgf/math\pgfint.code.tex) (C:\Users\ADMIN\AppData\Local\Programs\MiKTeX\tex/generic/pgf/basiclayer\pgfcorepoints.code.tex
File: pgfcorepoints.code.tex 2023-01-15 v3.1.10 (3.1.10)
\pgf@picminx=\dimen325
\pgf@picmaxx=\dimen326
\pgf@picminy=\dimen327
\pgf@picmaxy=\dimen328
\pgf@pathminx=\dimen329
\pgf@pathmaxx=\dimen330
\pgf@pathminy=\dimen331
\pgf@pathmaxy=\dimen332
\pgf@xx=\dimen333
\pgf@xy=\dimen334
\pgf@yx=\dimen335
\pgf@yy=\dimen336
\pgf@zx=\dimen337
\pgf@zy=\dimen338
) (C:\Users\ADMIN\AppData\Local\Programs\MiKTeX\tex/generic/pgf/basiclayer\pgfcorepathconstruct.code.tex
File: pgfcorepathconstruct.code.tex 2023-01-15 v3.1.10 (3.1.10)
\pgf@path@lastx=\dimen339
\pgf@path@lasty=\dimen340
) (C:\Users\ADMIN\AppData\Local\Programs\MiKTeX\tex/generic/pgf/basiclayer\pgfcorepathusage.code.tex
File: pgfcorepathusage.code.tex 2023-01-15 v3.1.10 (3.1.10)
\pgf@shorten@end@additional=\dimen341
\pgf@shorten@start@additional=\dimen342
) (C:\Users\ADMIN\AppData\Local\Programs\MiKTeX\tex/generic/pgf/basiclayer\pgfcorescopes.code.tex
File: pgfcorescopes.code.tex 2023-01-15 v3.1.10 (3.1.10)
\pgfpic=\box141
\pgf@hbox=\box142
\pgf@layerbox@main=\box143
\pgf@picture@serial@count=\count495
) (C:\Users\ADMIN\AppData\Local\Programs\MiKTeX\tex/generic/pgf/basiclayer\pgfcoregraphicstate.code.tex
File: pgfcoregraphicstate.code.tex 2023-01-15 v3.1.10 (3.1.10)
\pgflinewidth=\dimen343
) (C:\Users\ADMIN\AppData\Local\Programs\MiKTeX\tex/generic/pgf/basiclayer\pgfcoretransformations.code.tex
File: pgfcoretransformations.code.tex 2023-01-15 v3.1.10 (3.1.10)
\pgf@pt@x=\dimen344
\pgf@pt@y=\dimen345
\pgf@pt@temp=\dimen346
) (C:\Users\ADMIN\AppData\Local\Programs\MiKTeX\tex/generic/pgf/basiclayer\pgfcorequick.code.tex
File: pgfcorequick.code.tex 2023-01-15 v3.1.10 (3.1.10)
) (C:\Users\ADMIN\AppData\Local\Programs\MiKTeX\tex/generic/pgf/basiclayer\pgfcoreobjects.code.tex
File: pgfcoreobjects.code.tex 2023-01-15 v3.1.10 (3.1.10)
) (C:\Users\ADMIN\AppData\Local\Programs\MiKTeX\tex/generic/pgf/basiclayer\pgfcorepathprocessing.code.tex
File: pgfcorepathprocessing.code.tex 2023-01-15 v3.1.10 (3.1.10)
) (C:\Users\ADMIN\AppData\Local\Programs\MiKTeX\tex/generic/pgf/basiclayer\pgfcorearrows.code.tex
File: pgfcorearrows.code.tex 2023-01-15 v3.1.10 (3.1.10)
\pgfarrowsep=\dimen347
) (C:\Users\ADMIN\AppData\Local\Programs\MiKTeX\tex/generic/pgf/basiclayer\pgfcoreshade.code.tex
File: pgfcoreshade.code.tex 2023-01-15 v3.1.10 (3.1.10)
\pgf@max=\dimen348
\pgf@sys@shading@range@num=\count496
\pgf@shadingcount=\count497
) (C:\Users\ADMIN\AppData\Local\Programs\MiKTeX\tex/generic/pgf/basiclayer\pgfcoreimage.code.tex
File: pgfcoreimage.code.tex 2023-01-15 v3.1.10 (3.1.10)
) (C:\Users\ADMIN\AppData\Local\Programs\MiKTeX\tex/generic/pgf/basiclayer\pgfcoreexternal.code.tex
File: pgfcoreexternal.code.tex 2023-01-15 v3.1.10 (3.1.10)
\pgfexternal@startupbox=\box144
) (C:\Users\ADMIN\AppData\Local\Programs\MiKTeX\tex/generic/pgf/basiclayer\pgfcorelayers.code.tex
File: pgfcorelayers.code.tex 2023-01-15 v3.1.10 (3.1.10)
) (C:\Users\ADMIN\AppData\Local\Programs\MiKTeX\tex/generic/pgf/basiclayer\pgfcoretransparency.code.tex
File: pgfcoretransparency.code.tex 2023-01-15 v3.1.10 (3.1.10)
) (C:\Users\ADMIN\AppData\Local\Programs\MiKTeX\tex/generic/pgf/basiclayer\pgfcorepatterns.code.tex
File: pgfcorepatterns.code.tex 2023-01-15 v3.1.10 (3.1.10)
) (C:\Users\ADMIN\AppData\Local\Programs\MiKTeX\tex/generic/pgf/basiclayer\pgfcorerdf.code.tex
File: pgfcorerdf.code.tex 2023-01-15 v3.1.10 (3.1.10)
))) (C:\Users\ADMIN\AppData\Local\Programs\MiKTeX\tex/generic/pgf/modules\pgfmoduleshapes.code.tex
File: pgfmoduleshapes.code.tex 2023-01-15 v3.1.10 (3.1.10)
\pgfnodeparttextbox=\box145
) (C:\Users\ADMIN\AppData\Local\Programs\MiKTeX\tex/generic/pgf/modules\pgfmoduleplot.code.tex
File: pgfmoduleplot.code.tex 2023-01-15 v3.1.10 (3.1.10)
) (C:\Users\ADMIN\AppData\Local\Programs\MiKTeX\tex/latex/pgf/compatibility\pgfcomp-version-0-65.sty
Package: pgfcomp-version-0-65 2023-01-15 v3.1.10 (3.1.10)
\pgf@nodesepstart=\dimen349
\pgf@nodesepend=\dimen350
) (C:\Users\ADMIN\AppData\Local\Programs\MiKTeX\tex/latex/pgf/compatibility\pgfcomp-version-1-18.sty
Package: pgfcomp-version-1-18 2023-01-15 v3.1.10 (3.1.10)
)) (C:\Users\ADMIN\AppData\Local\Programs\MiKTeX\tex/latex/pgf/utilities\pgffor.sty (C:\Users\ADMIN\AppData\Local\Programs\MiKTeX\tex/latex/pgf/utilities\pgfkeys.sty (C:\Users\ADMIN\AppData\Local\Programs\MiKTeX\tex/generic/pgf/utilities\pgfkeys.code.tex)) (C:\Users\ADMIN\AppData\Local\Programs\MiKTeX\tex/latex/pgf/math\pgfmath.sty (C:\Users\ADMIN\AppData\Local\Programs\MiKTeX\tex/generic/pgf/math\pgfmath.code.tex)) (C:\Users\ADMIN\AppData\Local\Programs\MiKTeX\tex/generic/pgf/utilities\pgffor.code.tex
Package: pgffor 2023-01-15 v3.1.10 (3.1.10)
\pgffor@iter=\dimen351
\pgffor@skip=\dimen352
\pgffor@stack=\toks48
\pgffor@toks=\toks49
)) (C:\Users\ADMIN\AppData\Local\Programs\MiKTeX\tex/generic/pgf/frontendlayer/tikz\tikz.code.tex
Package: tikz 2023-01-15 v3.1.10 (3.1.10)
 (C:\Users\ADMIN\AppData\Local\Programs\MiKTeX\tex/generic/pgf/libraries\pgflibraryplothandlers.code.tex
File: pgflibraryplothandlers.code.tex 2023-01-15 v3.1.10 (3.1.10)
\pgf@plot@mark@count=\count498
\pgfplotmarksize=\dimen353
)
\tikz@lastx=\dimen354
\tikz@lasty=\dimen355
\tikz@lastxsaved=\dimen356
\tikz@lastysaved=\dimen357
\tikz@lastmovetox=\dimen358
\tikz@lastmovetoy=\dimen359
\tikzleveldistance=\dimen360
\tikzsiblingdistance=\dimen361
\tikz@figbox=\box146
\tikz@figbox@bg=\box147
\tikz@tempbox=\box148
\tikz@tempbox@bg=\box149
\tikztreelevel=\count499
\tikznumberofchildren=\count500
\tikznumberofcurrentchild=\count501
\tikz@fig@count=\count502
 (C:\Users\ADMIN\AppData\Local\Programs\MiKTeX\tex/generic/pgf/modules\pgfmodulematrix.code.tex
File: pgfmodulematrix.code.tex 2023-01-15 v3.1.10 (3.1.10)
\pgfmatrixcurrentrow=\count503
\pgfmatrixcurrentcolumn=\count504
\pgf@matrix@numberofcolumns=\count505
)
\tikz@expandcount=\count506
 (C:\Users\ADMIN\AppData\Local\Programs\MiKTeX\tex/generic/pgf/frontendlayer/tikz/libraries\tikzlibrarytopaths.code.tex
File: tikzlibrarytopaths.code.tex 2023-01-15 v3.1.10 (3.1.10)
))) (C:\Users\ADMIN\AppData\Local\Programs\MiKTeX\tex/latex/mdframed\md-frame-1.mdf
File: md-frame-1.mdf 2013/07/01\ 1.9b: md-frame-1
)
\mdf@frametitlebox=\box150
\mdf@footnotebox=\box151
\mdf@splitbox@one=\box152
\mdf@splitbox@two=\box153
\mdf@splitbox@save=\box154
\mdfsplitboxwidth=\skip143
\mdfsplitboxtotalwidth=\skip144
\mdfsplitboxheight=\skip145
\mdfsplitboxdepth=\skip146
\mdfsplitboxtotalheight=\skip147
\mdfframetitleboxwidth=\skip148
\mdfframetitleboxtotalwidth=\skip149
\mdfframetitleboxheight=\skip150
\mdfframetitleboxdepth=\skip151
\mdfframetitleboxtotalheight=\skip152
\mdffootnoteboxwidth=\skip153
\mdffootnoteboxtotalwidth=\skip154
\mdffootnoteboxheight=\skip155
\mdffootnoteboxdepth=\skip156
\mdffootnoteboxtotalheight=\skip157
\mdftotallinewidth=\skip158
\mdfboundingboxwidth=\skip159
\mdfboundingboxtotalwidth=\skip160
\mdfboundingboxheight=\skip161
\mdfboundingboxdepth=\skip162
\mdfboundingboxtotalheight=\skip163
\mdf@freevspace@length=\skip164
\mdf@horizontalwidthofbox@length=\skip165
\mdf@verticalmarginwhole@length=\skip166
\mdf@horizontalspaceofbox=\skip167
\mdfsubtitleheight=\skip168
\mdfsubsubtitleheight=\skip169
\c@mdfcountframes=\count507

****** mdframed patching \endmdf@trivlist

****** -- success******

\mdf@envdepth=\count508
\c@mdf@env@i=\count509
\c@mdf@env@ii=\count510
\c@mdf@zref@counter=\count511
Package zref Info: New property: mdf@pagevalue on input line 895.
) (C:\Users\ADMIN\AppData\Local\Programs\MiKTeX\tex/latex/caption\caption.sty
Package: caption 2023/08/05 v3.6o Customizing captions (AR)
 (C:\Users\ADMIN\AppData\Local\Programs\MiKTeX\tex/latex/caption\caption3.sty
Package: caption3 2023/07/31 v2.4d caption3 kernel (AR)
\caption@tempdima=\dimen362
\captionmargin=\dimen363
\caption@leftmargin=\dimen364
\caption@rightmargin=\dimen365
\caption@width=\dimen366
\caption@indent=\dimen367
\caption@parindent=\dimen368
\caption@hangindent=\dimen369
Package caption Info: Standard document class detected.
)
\c@caption@flags=\count512
\c@continuedfloat=\count513
Package caption Info: longtable package is loaded.
 (C:\Users\ADMIN\AppData\Local\Programs\MiKTeX\tex/latex/caption\ltcaption.sty
Package: ltcaption 2021/01/08 v1.4c longtable captions (AR)
)) (C:\Users\ADMIN\AppData\Local\Programs\MiKTeX\tex/latex/caption\subcaption.sty
Package: subcaption 2023/07/28 v1.6b Sub-captions (AR)
Package caption Info: New subtype `subfigure' on input line 238.
\c@subfigure=\count514
Package caption Info: New subtype `subtable' on input line 238.
\c@subtable=\count515
) (C:\Users\ADMIN\AppData\Local\Programs\MiKTeX\tex/latex/float\float.sty
Package: float 2001/11/08 v1.3d Float enhancements (AL)
\c@float@type=\count516
\float@exts=\toks50
\float@box=\box155
\@float@everytoks=\toks51
\@floatcapt=\box156
) (C:\Users\ADMIN\AppData\Local\Programs\MiKTeX\tex/latex/lastpage\lastpage.sty
Package: lastpage 2025/01/27 v2.1e lastpage: 2.09 or 2e? (HMM)
 (C:\Users\ADMIN\AppData\Local\Programs\MiKTeX\tex/latex/lastpage\lastpage2e.sty
Package: lastpage2e 2025/01/27 v2.1e Decide which 2e lastpage version to use (HMM)
 (C:\Users\ADMIN\AppData\Local\Programs\MiKTeX\tex/latex/lastpage\lastpageclassic.sty
Package: lastpageclassic 2025/01/27 v2.1e Refers to last page's name (HMM; JPG)
) 
)) (C:\Users\ADMIN\AppData\Local\Programs\MiKTeX\tex/latex/algorithm2e\algorithm2e.sty
Package: algorithm2e 2017/07/18 v5.2 algorithms environments
\c@AlgoLine=\count517
\algocf@hangindent=\skip170
 (C:\Users\ADMIN\AppData\Local\Programs\MiKTeX\tex/latex/ifoddpage\ifoddpage.sty
Package: ifoddpage 2022/10/18 v1.2 Conditionals for odd/even page detection
\c@checkoddpage=\count518
) (C:\Users\ADMIN\AppData\Local\Programs\MiKTeX\tex/latex/tools\xspace.sty
Package: xspace 2014/10/28 v1.13 Space after command names (DPC,MH)
) (C:\Users\ADMIN\AppData\Local\Programs\MiKTeX\tex/latex/relsize\relsize.sty
Package: relsize 2013/03/29 ver 4.1
)
\skiptotal=\skip171
\skiplinenumber=\skip172
\skiprule=\skip173
\skiphlne=\skip174
\skiptext=\skip175
\skiplength=\skip176
\algomargin=\skip177
\skipalgocfslide=\skip178
\algowidth=\dimen370
\inoutsize=\dimen371
\inoutindent=\dimen372
\interspacetitleruled=\dimen373
\interspacealgoruled=\dimen374
\interspacetitleboxruled=\dimen375
\algocf@ruledwidth=\skip179
\algocf@inoutbox=\box157
\algocf@inputbox=\box158
\AlCapSkip=\skip180
\AlCapHSkip=\skip181
\algoskipindent=\skip182
\algocf@nlbox=\box159
\algocf@hangingbox=\box160
\algocf@untilbox=\box161
\algocf@skipuntil=\skip183
\algocf@capbox=\box162
\algocf@lcaptionbox=\skip184
\algoheightruledefault=\skip185
\algoheightrule=\skip186
\algotitleheightruledefault=\skip187
\algotitleheightrule=\skip188
\c@algocfline=\count519
\c@algocfproc=\count520
\c@algocf=\count521
\algocf@algoframe=\box163
\algocf@algobox=\box164
) (C:\Users\ADMIN\AppData\Local\Programs\MiKTeX\tex/latex/tools\enumerate.sty
Package: enumerate 2023/07/04 v3.00 enumerate extensions (DPC)
\@enLab=\toks52
) (C:\Users\ADMIN\AppData\Local\Programs\MiKTeX\tex/latex/tools\tabularx.sty
Package: tabularx 2023/07/08 v2.11c `tabularx' package (DPC)
\TX@col@width=\dimen376
\TX@old@table=\dimen377
\TX@old@col=\dimen378
\TX@target=\dimen379
\TX@delta=\dimen380
\TX@cols=\count522
\TX@ftn=\toks53
) (C:\Users\ADMIN\AppData\Local\Programs\MiKTeX\tex/latex/multirow\multirow.sty
Package: multirow 2024/11/12 v2.9 Span multiple rows of a table
\multirow@colwidth=\skip189
\multirow@cntb=\count523
\multirow@dima=\skip190
\bigstrutjot=\dimen381
) (C:\Users\ADMIN\AppData\Local\Programs\MiKTeX\tex/latex/enumitem\enumitem.sty
Package: enumitem 2025/02/06 v3.11 Customized lists
\labelindent=\skip191
\enit@outerparindent=\dimen382
\enit@toks=\toks54
\enit@inbox=\box165
\enit@count@id=\count524
\enitdp@description=\count525
) (C:\Users\ADMIN\AppData\Local\Programs\MiKTeX\tex/latex/graphics\rotating.sty
Package: rotating 2016/08/11 v2.16d rotated objects in LaTeX
\c@r@tfl@t=\count526
\rotFPtop=\skip192
\rotFPbot=\skip193
\rot@float@box=\box166
\rot@mess@toks=\toks55
) (C:\Users\ADMIN\AppData\Local\Programs\MiKTeX\tex/latex/geometry\geometry.sty
Package: geometry 2020/01/02 v5.9 Page Geometry
 (C:\Users\ADMIN\AppData\Local\Programs\MiKTeX\tex/generic/iftex\ifvtex.sty
Package: ifvtex 2019/10/25 v1.7 ifvtex legacy package. Use iftex instead.
)
\Gm@cnth=\count527
\Gm@cntv=\count528
\c@Gm@tempcnt=\count529
\Gm@bindingoffset=\dimen383
\Gm@wd@mp=\dimen384
\Gm@odd@mp=\dimen385
\Gm@even@mp=\dimen386
\Gm@layoutwidth=\dimen387
\Gm@layoutheight=\dimen388
\Gm@layouthoffset=\dimen389
\Gm@layoutvoffset=\dimen390
\Gm@dimlist=\toks56
 (C:\Users\ADMIN\AppData\Local\Programs\MiKTeX\tex/latex/geometry\geometry.cfg)) (C:\Users\ADMIN\AppData\Local\Programs\MiKTeX\tex/latex/setspace\setspace.sty
Package: setspace 2022/12/04 v6.7b set line spacing
) (C:\Users\ADMIN\AppData\Local\Programs\MiKTeX\tex/latex/titlesec\titlesec.sty
Package: titlesec 2025/01/04 v2.17 Sectioning titles
\ttl@box=\box167
\beforetitleunit=\skip194
\aftertitleunit=\skip195
\ttl@plus=\dimen391
\ttl@minus=\dimen392
\ttl@toksa=\toks57
\titlewidth=\dimen393
\titlewidthlast=\dimen394
\titlewidthfirst=\dimen395
) (C:\Users\ADMIN\AppData\Local\Programs\MiKTeX\tex/latex/ragged2e\ragged2e.sty
Package: ragged2e 2023/06/22 v3.6 ragged2e Package
\CenteringLeftskip=\skip196
\RaggedLeftLeftskip=\skip197
\RaggedRightLeftskip=\skip198
\CenteringRightskip=\skip199
\RaggedLeftRightskip=\skip256
\RaggedRightRightskip=\skip257
\CenteringParfillskip=\skip258
\RaggedLeftParfillskip=\skip259
\RaggedRightParfillskip=\skip260
\JustifyingParfillskip=\skip261
\CenteringParindent=\skip262
\RaggedLeftParindent=\skip263
\RaggedRightParindent=\skip264
\JustifyingParindent=\skip265
) (C:\Users\ADMIN\AppData\Local\Programs\MiKTeX\tex/latex/makecell\makecell.sty
Package: makecell 2009/08/03 V0.1e Managing of Tab Column Heads and Cells
\rotheadsize=\dimen396
\c@nlinenum=\count530
\TeXr@lab=\toks58
) (C:\Users\ADMIN\AppData\Local\Programs\MiKTeX\tex/generic/pgf/frontendlayer/tikz/libraries\tikzlibraryarrows.code.tex
File: tikzlibraryarrows.code.tex 2023-01-15 v3.1.10 (3.1.10)
 (C:\Users\ADMIN\AppData\Local\Programs\MiKTeX\tex/generic/pgf/libraries\pgflibraryarrows.code.tex
File: pgflibraryarrows.code.tex 2023-01-15 v3.1.10 (3.1.10)
\arrowsize=\dimen397
)) (C:\Users\ADMIN\AppData\Local\Programs\MiKTeX\tex/generic/pgf/frontendlayer/tikz/libraries\tikzlibrarybackgrounds.code.tex
File: tikzlibrarybackgrounds.code.tex 2023-01-15 v3.1.10 (3.1.10)
\pgf@layerbox@background=\box168
\pgf@layerboxsaved@background=\box169
) (C:\Users\ADMIN\AppData\Local\Programs\MiKTeX\tex/generic/pgf/frontendlayer/tikz/libraries\tikzlibrarycalc.code.tex
File: tikzlibrarycalc.code.tex 2023-01-15 v3.1.10 (3.1.10)
) (C:\Users\ADMIN\AppData\Local\Programs\MiKTeX\tex/generic/pgf/frontendlayer/tikz/libraries\tikzlibrarydecorations.pathmorphing.code.tex (C:\Users\ADMIN\AppData\Local\Programs\MiKTeX\tex/generic/pgf/frontendlayer/tikz/libraries\tikzlibrarydecorations.code.tex (C:\Users\ADMIN\AppData\Local\Programs\MiKTeX\tex/generic/pgf/modules\pgfmoduledecorations.code.tex
\pgfdecoratedcompleteddistance=\dimen398
\pgfdecoratedremainingdistance=\dimen399
\pgfdecoratedinputsegmentcompleteddistance=\dimen400
\pgfdecoratedinputsegmentremainingdistance=\dimen401
\pgf@decorate@distancetomove=\dimen402
\pgf@decorate@repeatstate=\count531
\pgfdecorationsegmentamplitude=\dimen403
\pgfdecorationsegmentlength=\dimen404
)
\tikz@lib@dec@box=\box170
) (C:\Users\ADMIN\AppData\Local\Programs\MiKTeX\tex/generic/pgf/libraries/decorations\pgflibrarydecorations.pathmorphing.code.tex)) (C:\Users\ADMIN\AppData\Local\Programs\MiKTeX\tex/generic/pgf/frontendlayer/tikz/libraries\tikzlibrarydecorations.pathreplacing.code.tex (C:\Users\ADMIN\AppData\Local\Programs\MiKTeX\tex/generic/pgf/libraries/decorations\pgflibrarydecorations.pathreplacing.code.tex)) (C:\Users\ADMIN\AppData\Local\Programs\MiKTeX\tex/generic/pgf/frontendlayer/tikz/libraries\tikzlibrarydecorations.markings.code.tex (C:\Users\ADMIN\AppData\Local\Programs\MiKTeX\tex/generic/pgf/libraries/decorations\pgflibrarydecorations.markings.code.tex)) (C:\Users\ADMIN\AppData\Local\Programs\MiKTeX\tex/latex/hyperref\hyperref.sty
Package: hyperref 2023-11-26 v7.01g Hypertext links for LaTeX
 (C:\Users\ADMIN\AppData\Local\Programs\MiKTeX\tex/generic/pdfescape\pdfescape.sty
Package: pdfescape 2019/12/09 v1.15 Implements pdfTeX's escape features (HO)
) (C:\Users\ADMIN\AppData\Local\Programs\MiKTeX\tex/latex/hycolor\hycolor.sty
Package: hycolor 2020-01-27 v1.10 Color options for hyperref/bookmark (HO)
) (C:\Users\ADMIN\AppData\Local\Programs\MiKTeX\tex/latex/letltxmacro\letltxmacro.sty
Package: letltxmacro 2019/12/03 v1.6 Let assignment for LaTeX macros (HO)
) (C:\Users\ADMIN\AppData\Local\Programs\MiKTeX\tex/latex/hyperref\nameref.sty
Package: nameref 2023-11-26 v2.56 Cross-referencing by name of section
 (C:\Users\ADMIN\AppData\Local\Programs\MiKTeX\tex/latex/refcount\refcount.sty
Package: refcount 2019/12/15 v3.6 Data extraction from label references (HO)
) (C:\Users\ADMIN\AppData\Local\Programs\MiKTeX\tex/generic/gettitlestring\gettitlestring.sty
Package: gettitlestring 2019/12/15 v1.6 Cleanup title references (HO)
)
\c@section@level=\count532
)
\@linkdim=\dimen405
\Hy@linkcounter=\count533
\Hy@pagecounter=\count534
 (C:\Users\ADMIN\AppData\Local\Programs\MiKTeX\tex/latex/hyperref\pd1enc.def
File: pd1enc.def 2023-11-26 v7.01g Hyperref: PDFDocEncoding definition (HO)
Now handling font encoding PD1 ...
... no UTF-8 mapping file for font encoding PD1
) (C:\Users\ADMIN\AppData\Local\Programs\MiKTeX\tex/generic/intcalc\intcalc.sty
Package: intcalc 2019/12/15 v1.3 Expandable calculations with integers (HO)
)
\Hy@SavedSpaceFactor=\count535
 (C:\Users\ADMIN\AppData\Local\Programs\MiKTeX\tex/latex/hyperref\puenc.def
File: puenc.def 2023-11-26 v7.01g Hyperref: PDF Unicode definition (HO)
Now handling font encoding PU ...
... no UTF-8 mapping file for font encoding PU
)
Package hyperref Info: Hyper figures OFF on input line 4181.
Package hyperref Info: Link nesting OFF on input line 4186.
Package hyperref Info: Hyper index ON on input line 4189.
Package hyperref Info: Plain pages OFF on input line 4196.
Package hyperref Info: Backreferencing OFF on input line 4201.
Package hyperref Info: Implicit mode ON; LaTeX internals redefined.
Package hyperref Info: Bookmarks ON on input line 4448.
\c@Hy@tempcnt=\count536
LaTeX Info: Redefining \url on input line 4786.
\XeTeXLinkMargin=\dimen406
 (C:\Users\ADMIN\AppData\Local\Programs\MiKTeX\tex/generic/bitset\bitset.sty
Package: bitset 2019/12/09 v1.3 Handle bit-vector datatype (HO)
 (C:\Users\ADMIN\AppData\Local\Programs\MiKTeX\tex/generic/bigintcalc\bigintcalc.sty
Package: bigintcalc 2019/12/15 v1.5 Expandable calculations on big integers (HO)
))
\Fld@menulength=\count537
\Field@Width=\dimen407
\Fld@charsize=\dimen408
Package hyperref Info: Hyper figures OFF on input line 6065.
Package hyperref Info: Link nesting OFF on input line 6070.
Package hyperref Info: Hyper index ON on input line 6073.
Package hyperref Info: backreferencing OFF on input line 6080.
Package hyperref Info: Link coloring OFF on input line 6085.
Package hyperref Info: Link coloring with OCG OFF on input line 6090.
Package hyperref Info: PDF/A mode OFF on input line 6095.
 (C:\Users\ADMIN\AppData\Local\Programs\MiKTeX\tex/latex/base\atbegshi-ltx.sty
Package: atbegshi-ltx 2021/01/10 v1.0c Emulation of the original atbegshi
package with kernel methods
)
\Hy@abspage=\count538
\c@Item=\count539
\c@Hfootnote=\count540
)
Package hyperref Info: Driver (autodetected): hpdftex.
 (C:\Users\ADMIN\AppData\Local\Programs\MiKTeX\tex/latex/hyperref\hpdftex.def
File: hpdftex.def 2023-11-26 v7.01g Hyperref driver for pdfTeX
 (C:\Users\ADMIN\AppData\Local\Programs\MiKTeX\tex/latex/base\atveryend-ltx.sty
Package: atveryend-ltx 2020/08/19 v1.0a Emulation of the original atveryend package
with kernel methods
)
\HyAnn@Count=\count541
\Fld@listcount=\count542
\c@bookmark@seq@number=\count543
 (C:\Users\ADMIN\AppData\Local\Programs\MiKTeX\tex/latex/rerunfilecheck\rerunfilecheck.sty
Package: rerunfilecheck 2022-07-10 v1.10 Rerun checks for auxiliary files (HO)
 (C:\Users\ADMIN\AppData\Local\Programs\MiKTeX\tex/generic/uniquecounter\uniquecounter.sty
Package: uniquecounter 2019/12/15 v1.4 Provide unlimited unique counter (HO)
)
Package uniquecounter Info: New unique counter `rerunfilecheck' on input line 285.
)
\Hy@SectionHShift=\skip266
)
Package hyperref Info: Option `colorlinks' set `true' on input line 92.
 (C:\Users\ADMIN\AppData\Local\Programs\MiKTeX\tex/latex/listings\listings.sty
\lst@mode=\count544
\lst@gtempboxa=\box171
\lst@token=\toks59
\lst@length=\count545
\lst@currlwidth=\dimen409
\lst@column=\count546
\lst@pos=\count547
\lst@lostspace=\dimen410
\lst@width=\dimen411
\lst@newlines=\count548
\lst@lineno=\count549
\lst@maxwidth=\dimen412
 (C:\Users\ADMIN\AppData\Local\Programs\MiKTeX\tex/latex/listings\lstmisc.sty
File: lstmisc.sty 2023/02/27 1.9 (Carsten Heinz)
\c@lstnumber=\count550
\lst@skipnumbers=\count551
\lst@framebox=\box172
) (C:\Users\ADMIN\AppData\Local\Programs\MiKTeX\tex/latex/listings\listings.cfg
File: listings.cfg 2023/02/27 1.9 listings configuration
))
Package: listings 2023/02/27 1.9 (Carsten Heinz)
 (C:\Users\ADMIN\AppData\Local\Programs\MiKTeX\tex/latex/newunicodechar\newunicodechar.sty
Package: newunicodechar 2018/04/08 v1.2 Defining Unicode characters
) (C:\Users\ADMIN\AppData\Local\Programs\MiKTeX\tex/latex/ulem\ulem.sty
\UL@box=\box173
\UL@hyphenbox=\box174
\UL@skip=\skip267
\UL@hook=\toks60
\UL@height=\dimen413
\UL@pe=\count552
\UL@pixel=\dimen414
\ULC@box=\box175
Package: ulem 2019/11/18
\ULdepth=\dimen415
)
\c@theorem=\count553
\c@property=\count554
\c@proposition=\count555
\c@exer=\count556
 (C:\Users\ADMIN\AppData\Local\Programs\MiKTeX\tex/latex/listings\lstlang1.sty
File: lstlang1.sty 2023/02/27 1.9 listings language file
) (C:\Users\ADMIN\AppData\Local\Programs\MiKTeX\tex/latex/listings\lstlang2.sty
File: lstlang2.sty 2023/02/27 1.9 listings language file
) (C:\Users\ADMIN\AppData\Local\Programs\MiKTeX\tex/latex/listings\lstlang3.sty
File: lstlang3.sty 2023/02/27 1.9 listings language file
)
\c@subsubsubsection=\count557
 (main.aux)
\openout1 = `main.aux'.

LaTeX Font Info:    Checking defaults for OML/cmm/m/it on input line 219.
LaTeX Font Info:    ... okay on input line 219.
LaTeX Font Info:    Checking defaults for OMS/cmsy/m/n on input line 219.
LaTeX Font Info:    ... okay on input line 219.
LaTeX Font Info:    Checking defaults for OT1/cmr/m/n on input line 219.
LaTeX Font Info:    ... okay on input line 219.
LaTeX Font Info:    Checking defaults for T1/cmr/m/n on input line 219.
LaTeX Font Info:    ... okay on input line 219.
LaTeX Font Info:    Checking defaults for TS1/cmr/m/n on input line 219.
LaTeX Font Info:    ... okay on input line 219.
LaTeX Font Info:    Checking defaults for OMX/cmex/m/n on input line 219.
LaTeX Font Info:    ... okay on input line 219.
LaTeX Font Info:    Checking defaults for U/cmr/m/n on input line 219.
LaTeX Font Info:    ... okay on input line 219.
LaTeX Font Info:    Checking defaults for T5/cmr/m/n on input line 219.
LaTeX Font Info:    ... okay on input line 219.
LaTeX Font Info:    Checking defaults for PD1/pdf/m/n on input line 219.
LaTeX Font Info:    ... okay on input line 219.
LaTeX Font Info:    Checking defaults for PU/pdf/m/n on input line 219.
LaTeX Font Info:    ... okay on input line 219.
 (C:\Users\ADMIN\AppData\Local\Programs\MiKTeX\tex/context/base/mkii\supp-pdf.mkii
[Loading MPS to PDF converter (version 2006.09.02).]
\scratchcounter=\count558
\scratchdimen=\dimen416
\scratchbox=\box176
\nofMPsegments=\count559
\nofMParguments=\count560
\everyMPshowfont=\toks61
\MPscratchCnt=\count561
\MPscratchDim=\dimen417
\MPnumerator=\count562
\makeMPintoPDFobject=\count563
\everyMPtoPDFconversion=\toks62
) (C:\Users\ADMIN\AppData\Local\Programs\MiKTeX\tex/latex/epstopdf-pkg\epstopdf-base.sty
Package: epstopdf-base 2020-01-24 v2.11 Base part for package epstopdf
 (C:\Users\ADMIN\AppData\Local\Programs\MiKTeX\tex/latex/grfext\grfext.sty
Package: grfext 2019/12/03 v1.3 Manage graphics extensions (HO)
)
Package epstopdf-base Info: Redefining graphics rule for `.eps' on input line 485.
Package grfext Info: Graphics extension search list:
(grfext)             [.pdf,.png,.jpg,.mps,.jpeg,.jbig2,.jb2,.PDF,.PNG,.JPG,.JPEG,.JBIG2,.JB2,.eps]
(grfext)             \AppendGraphicsExtensions on input line 504.
 (C:\Users\ADMIN\AppData\Local\Programs\MiKTeX\tex/latex/00miktex\epstopdf-sys.cfg
File: epstopdf-sys.cfg 2021/03/18 v2.0 Configuration of epstopdf for MiKTeX
))
Package biblatex Info: Trying to load language 'american' -> 'american-apa'...
Package biblatex Info: ... file 'american-apa.lbx' found.
 (C:\Users\ADMIN\AppData\Local\Programs\MiKTeX\tex/latex/biblatex-apa\american-apa.lbx
File: american-apa.lbx 2025/08/27 v9.20 APA biblatex localisation
Package biblatex Info: Trying to load language 'american'...
Package biblatex Info: ... file 'american.lbx' found.
 (C:\Users\ADMIN\AppData\Local\Programs\MiKTeX\tex/latex/biblatex/lbx\american.lbx
File: american.lbx 2023/03/05 v3.19 biblatex localization (PK/MW)
Package biblatex Info: Trying to load language 'english' -> 'english-apa'...
Package biblatex Info: ... file 'english-apa.lbx' found.
 (C:\Users\ADMIN\AppData\Local\Programs\MiKTeX\tex/latex/biblatex-apa\english-apa.lbx
File: english-apa.lbx 2025/08/27 v9.20 APA biblatex localisation
Package biblatex Info: Trying to load language 'english'...
Package biblatex Info: ... file 'english.lbx' found.
 (C:\Users\ADMIN\AppData\Local\Programs\MiKTeX\tex/latex/biblatex/lbx\english.lbx
File: english.lbx 2023/03/05 v3.19 biblatex localization (PK/MW)
)))
Package biblatex Info: Trying to load language 'american'...
Package biblatex Info: ... file 'american.lbx' found.
 (C:\Users\ADMIN\AppData\Local\Programs\MiKTeX\tex/latex/biblatex/lbx\american.lbx
File: american.lbx 2023/03/05 v3.19 biblatex localization (PK/MW)
Package biblatex Info: Trying to load language 'english' -> 'english-apa'...
Package biblatex Info: ... file 'english-apa.lbx' found.
 (C:\Users\ADMIN\AppData\Local\Programs\MiKTeX\tex/latex/biblatex-apa\english-apa.lbx
File: english-apa.lbx 2025/08/27 v9.20 APA biblatex localisation
Package biblatex Info: Trying to load language 'american'...
Package biblatex Info: ... file 'american.lbx' found.
 (C:\Users\ADMIN\AppData\Local\Programs\MiKTeX\tex/latex/biblatex/lbx\american.lbx
File: american.lbx 2023/03/05 v3.19 biblatex localization (PK/MW)
Package biblatex Info: Trying to load language 'english'...
Package biblatex Info: ... file 'english.lbx' found.
 (C:\Users\ADMIN\AppData\Local\Programs\MiKTeX\tex/latex/biblatex/lbx\english.lbx
File: english.lbx 2023/03/05 v3.19 biblatex localization (PK/MW)
)))))
Package biblatex Info: Input encoding 'utf8' detected.
Package biblatex Info: Automatic encoding selection.
(biblatex)             Assuming data encoding 'utf8'.
\openout3 = `main.bcf'.

Package biblatex Info: Trying to load bibliographic data...
Package biblatex Info: ... file 'main.bbl' not found.

No file main.bbl.
Package biblatex Info: Reference section=0 on input line 219.
Package biblatex Info: Reference segment=0 on input line 219.
Package caption Info: Begin \AtBeginDocument code.
Package caption Info: float package is loaded.
Package caption Info: hyperref package is loaded.
Package caption Info: listings package is loaded.
Package caption Info: rotating package is loaded.
Package caption Info: End \AtBeginDocument code.
*geometry* driver: auto-detecting
*geometry* detected driver: pdftex
*geometry* verbose mode - [ preamble ] result:
* driver: pdftex
* paper: a4paper
* layout: <same size as paper>
* layoutoffset:(h,v)=(0.0pt,0.0pt)
* modes: 
* h-part:(L,W,R)=(85.35826pt, 455.24408pt, 56.90553pt)
* v-part:(T,H,B)=(85.35826pt, 682.86613pt, 76.82245pt)
* \paperwidth=597.50787pt
* \paperheight=845.04684pt
* \textwidth=455.24408pt
* \textheight=682.86613pt
* \oddsidemargin=13.08827pt
* \evensidemargin=13.08827pt
* \topmargin=-55.91173pt
* \headheight=44.0pt
* \headsep=25.0pt
* \topskip=12.0pt
* \footskip=30.0pt
* \marginparwidth=54.2025pt
* \marginparsep=10.0pt
* \columnsep=10.0pt
* \skip\footins=10.8pt plus 4.0pt minus 2.0pt
* \hoffset=0.0pt
* \voffset=0.0pt
* \mag=1000
* \@twocolumnfalse
* \@twosidefalse
* \@mparswitchfalse
* \@reversemarginfalse
* (1in=72.27pt=25.4mm, 1cm=28.453pt)

Package hyperref Info: Link coloring ON on input line 219.
\@outlinefile=\write5
\openout5 = `main.out'.

\c@lstlisting=\count564
<Images/hcmut.png, id=6, 514.3215pt x 491.9178pt>
File: Images/hcmut.png Graphic file (type png)
<use Images/hcmut.png>
Package pdftex.def Info: Images/hcmut.png  used on input line 245.
(pdftex.def)             Requested size: 142.26378pt x 136.0622pt.
LaTeX Font Info:    Calculating math sizes for size <15> on input line 269.

LaTeX Font Warning: Font shape `OT1/cmr/m/n' in size <15> not available
(Font)              size <14.4> substituted on input line 269.


LaTeX Font Warning: Font shape `OT1/cmr/m/n' in size <10.49995> not available
(Font)              size <10.95> substituted on input line 269.


LaTeX Font Warning: Font shape `OT1/cmr/m/n' in size <7.5> not available
(Font)              size <7> substituted on input line 269.


LaTeX Font Warning: Font shape `OML/cmm/m/it' in size <15> not available
(Font)              size <14.4> substituted on input line 269.


LaTeX Font Warning: Font shape `OML/cmm/m/it' in size <10.49995> not available
(Font)              size <10.95> substituted on input line 269.


LaTeX Font Warning: Font shape `OML/cmm/m/it' in size <7.5> not available
(Font)              size <7> substituted on input line 269.


LaTeX Font Warning: Font shape `OMS/cmsy/m/n' in size <15> not available
(Font)              size <14.4> substituted on input line 269.


LaTeX Font Warning: Font shape `OMS/cmsy/m/n' in size <10.49995> not available
(Font)              size <10.95> substituted on input line 269.


LaTeX Font Warning: Font shape `OMS/cmsy/m/n' in size <7.5> not available
(Font)              size <7> substituted on input line 269.

LaTeX Font Info:    Trying to load font information for U+msa on input line 269.
(C:\Users\ADMIN\AppData\Local\Programs\MiKTeX\tex/latex/amsfonts\umsa.fd
File: umsa.fd 2013/01/14 v3.01 AMS symbols A
)
LaTeX Font Info:    Trying to load font information for U+msb on input line 269.
 (C:\Users\ADMIN\AppData\Local\Programs\MiKTeX\tex/latex/amsfonts\umsb.fd
File: umsb.fd 2013/01/14 v3.01 AMS symbols B
)
LaTeX Font Info:    Trying to load font information for U+lasy on input line 269.
 (C:\Users\ADMIN\AppData\Local\Programs\MiKTeX\tex/latex/base\ulasy.fd
File: ulasy.fd 1998/08/17 v2.2e LaTeX symbol font definitions
)

LaTeX Font Warning: Font shape `U/lasy/m/n' in size <15> not available
(Font)              size <14.4> substituted on input line 269.


LaTeX Font Warning: Font shape `U/lasy/m/n' in size <10.49995> not available
(Font)              size <10.95> substituted on input line 269.


LaTeX Font Warning: Font shape `U/lasy/m/n' in size <7.5> not available
(Font)              size <7> substituted on input line 269.

[1

{C:/Users/ADMIN/AppData/Local/MiKTeX/fonts/map/pdftex/pdftex.map} <./Images/hcmut.png>]
File: Images/hcmut.png Graphic file (type png)
<use Images/hcmut.png>
Package pdftex.def Info: Images/hcmut.png  used on input line 312.
(pdftex.def)             Requested size: 34.13838pt x 34.13751pt.


LaTeX Warning: Reference `LastPage' on page 1 undefined on input line 312.


pdfTeX warning (ext4): destination with the same identifier (name{page.1}) has been already used, duplicate ignored
<to be read again> 
                   \relax 
l.312 \newpage
               [1]
File: Images/hcmut.png Graphic file (type png)
<use Images/hcmut.png>
Package pdftex.def Info: Images/hcmut.png  used on input line 322.
(pdftex.def)             Requested size: 34.13838pt x 34.13751pt.


LaTeX Warning: Reference `LastPage' on page 2 undefined on input line 322.

[2]
File: Images/hcmut.png Graphic file (type png)
<use Images/hcmut.png>
Package pdftex.def Info: Images/hcmut.png  used on input line 327.
(pdftex.def)             Requested size: 34.13838pt x 34.13751pt.


LaTeX Warning: Reference `LastPage' on page 3 undefined on input line 327.

[3]
No file main.toc.
\tf@toc=\write6
\openout6 = `main.toc'.

File: Images/hcmut.png Graphic file (type png)
<use Images/hcmut.png>
Package pdftex.def Info: Images/hcmut.png  used on input line 332.
(pdftex.def)             Requested size: 34.13838pt x 34.13751pt.

LaTeX Warning: Reference `LastPage' on page 4 undefined on input line 332.

[4]
No file main.lof.
\tf@lof=\write7
\openout7 = `main.lof'.

File: Images/hcmut.png Graphic file (type png)
<use Images/hcmut.png>
Package pdftex.def Info: Images/hcmut.png  used on input line 337.
(pdftex.def)             Requested size: 34.13838pt x 34.13751pt.

LaTeX Warning: Reference `LastPage' on page 5 undefined on input line 337.

[5]
No file main.lot.
\tf@lot=\write8
\openout8 = `main.lot'.

File: Images/hcmut.png Graphic file (type png)
<use Images/hcmut.png>
Package pdftex.def Info: Images/hcmut.png  used on input line 342.
(pdftex.def)             Requested size: 34.13838pt x 34.13751pt.

LaTeX Warning: Reference `LastPage' on page 6 undefined on input line 342.

[6] (Intro/Motivation/cont.tex
File: Images/hcmut.png Graphic file (type png)
<use Images/hcmut.png>
Package pdftex.def Info: Images/hcmut.png  used on input line 25.
(pdftex.def)             Requested size: 34.13838pt x 34.13751pt.


LaTeX Warning: Reference `LastPage' on page 7 undefined on input line 25.

[7]) (Intro/Objectives/cont.tex) (Intro/Scope/cont.tex
File: Images/hcmut.png Graphic file (type png)
<use Images/hcmut.png>
Package pdftex.def Info: Images/hcmut.png  used on input line 12.
(pdftex.def)             Requested size: 34.13838pt x 34.13751pt.


LaTeX Warning: Reference `LastPage' on page 8 undefined on input line 12.

[8]) (Intro/Significance/cont.tex)
File: Images/hcmut.png Graphic file (type png)
<use Images/hcmut.png>
Package pdftex.def Info: Images/hcmut.png  used on input line 359.
(pdftex.def)             Requested size: 34.13838pt x 34.13751pt.


LaTeX Warning: Reference `LastPage' on page 9 undefined on input line 359.

[9]
File: Images/hcmut.png Graphic file (type png)
<use Images/hcmut.png>
Package pdftex.def Info: Images/hcmut.png  used on input line 361.
(pdftex.def)             Requested size: 34.13838pt x 34.13751pt.


LaTeX Warning: Reference `LastPage' on page 10 undefined on input line 361.

[10] (Knowledge/Base/cont.tex

Package csquotes Warning: No space factor codes for 'T5' encoding.
(csquotes)                Punctuation tracker may fail on input line 24.


LaTeX Warning: Citation 'flipkartCCC2025' on page 11 undefined on input line 24.


Underfull \hbox (badness 3168) in paragraph at lines 34--34
\T5/cmr/m/n/12 dàch vö v» sinh,
 []


Underfull \hbox (badness 10000) in paragraph at lines 38--38
[]|\T5/cmr/m/n/12 Kickstarter, In-
 []

File: Images/hcmut.png Graphic file (type png)
<use Images/hcmut.png>
Package pdftex.def Info: Images/hcmut.png  used on input line 50.
(pdftex.def)             Requested size: 34.13838pt x 34.13751pt.

LaTeX Warning: Reference `LastPage' on page 11 undefined on input line 50.

[11]
File: Images/hcmut.png Graphic file (type png)
<use Images/hcmut.png>
Package pdftex.def Info: Images/hcmut.png  used on input line 74.
(pdftex.def)             Requested size: 34.13838pt x 34.13751pt.


LaTeX Warning: Reference `LastPage' on page 12 undefined on input line 74.

[12])
File: Images/hcmut.png Graphic file (type png)
<use Images/hcmut.png>
Package pdftex.def Info: Images/hcmut.png  used on input line 368.
(pdftex.def)             Requested size: 34.13838pt x 34.13751pt.


LaTeX Warning: Reference `LastPage' on page 13 undefined on input line 368.

[13] (Related/cont.tex
File: Images/hcmut.png Graphic file (type png)
<use Images/hcmut.png>
Package pdftex.def Info: Images/hcmut.png  used on input line 45.
(pdftex.def)             Requested size: 34.13838pt x 34.13751pt.


LaTeX Warning: Reference `LastPage' on page 14 undefined on input line 45.

[14]
Underfull \hbox (badness 10000) in paragraph at lines 74--74
[]|\T5/cmr/m/n/12 Xanh SM
 []


Underfull \hbox (badness 3746) in paragraph at lines 74--74
[]|\T5/cmr/m/n/12 Taxi/xe ^^_i»n tªp
 []


Underfull \hbox (badness 10000) in paragraph at lines 77--77
[]|\T5/cmr/bx/n/12 ^^^· t i
 []


Underfull \hbox (badness 10000) in paragraph at lines 77--77
\T5/cmr/bx/n/12 nghi¶n
 []


Package longtable Warning: Column widths have changed
(longtable)                in table 2 on input line 79.

)
File: Images/hcmut.png Graphic file (type png)
<use Images/hcmut.png>
Package pdftex.def Info: Images/hcmut.png  used on input line 372.
(pdftex.def)             Requested size: 34.13838pt x 34.13751pt.


LaTeX Warning: Reference `LastPage' on page 15 undefined on input line 372.

[15] (System Elictication/User/cont.tex
Overfull \hbox (9.14722pt too wide) in alignment at lines 8--22
 [] [] [] 
 []


Overfull \hbox (10.9736pt too wide) in alignment at lines 28--31
 [] [] 
 []


Overfull \hbox (10.9736pt too wide) in alignment at lines 31--34
 [] [] 
 []


Overfull \hbox (10.9736pt too wide) in alignment at lines 34--41
 [] [] 
 []


Overfull \hbox (10.9736pt too wide) in alignment at lines 47--50
 [] [] 
 []


Overfull \hbox (10.9736pt too wide) in alignment at lines 50--53
 [] [] 
 []


Overfull \hbox (10.9736pt too wide) in alignment at lines 53--62
 [] [] 
 []

File: Images/hcmut.png Graphic file (type png)
<use Images/hcmut.png>
Package pdftex.def Info: Images/hcmut.png  used on input line 62.
(pdftex.def)             Requested size: 34.13838pt x 34.13751pt.

LaTeX Warning: Reference `LastPage' on page 16 undefined on input line 62.

[16]) (System Elictication/Function_require/cont.tex
File: Images/hcmut.png Graphic file (type png)
<use Images/hcmut.png>
Package pdftex.def Info: Images/hcmut.png  used on input line 15.
(pdftex.def)             Requested size: 34.13838pt x 34.13751pt.


LaTeX Warning: Reference `LastPage' on page 17 undefined on input line 15.

[17]) (System Elictication/Non_function_require/cont.tex
File: Images/hcmut.png Graphic file (type png)
<use Images/hcmut.png>
Package pdftex.def Info: Images/hcmut.png  used on input line 6.
(pdftex.def)             Requested size: 34.13838pt x 34.13751pt.


LaTeX Warning: Reference `LastPage' on page 18 undefined on input line 6.

[18]) (System Elictication/Data_require/cont.tex)
File: Images/hcmut.png Graphic file (type png)
<use Images/hcmut.png>
Package pdftex.def Info: Images/hcmut.png  used on input line 378.
(pdftex.def)             Requested size: 34.13838pt x 34.13751pt.


LaTeX Warning: Reference `LastPage' on page 19 undefined on input line 378.

[19]
File: Images/hcmut.png Graphic file (type png)
<use Images/hcmut.png>
Package pdftex.def Info: Images/hcmut.png  used on input line 378.
(pdftex.def)             Requested size: 34.13838pt x 34.13751pt.


LaTeX Warning: Reference `LastPage' on page 20 undefined on input line 378.

[20] (System Analysis/Usecase/cont.tex
<Images/Usecase/system.png, id=138, 5464.415pt x 2995.19pt>
File: Images/Usecase/system.png Graphic file (type png)
<use Images/Usecase/system.png>
Package pdftex.def Info: Images/Usecase/system.png  used on input line 7.
(pdftex.def)             Requested size: 455.24408pt x 249.49191pt.
File: Images/hcmut.png Graphic file (type png)
<use Images/hcmut.png>
Package pdftex.def Info: Images/hcmut.png  used on input line 27.
(pdftex.def)             Requested size: 34.13838pt x 34.13751pt.


LaTeX Warning: Reference `LastPage' on page 21 undefined on input line 27.

[21 <./Images/Usecase/system.png>]
<Images/Usecase/renter.png, id=148, 3187.91pt x 2396.955pt>
File: Images/Usecase/renter.png Graphic file (type png)
<use Images/Usecase/renter.png>
Package pdftex.def Info: Images/Usecase/renter.png  used on input line 35.
(pdftex.def)             Requested size: 386.96024pt x 290.95047pt.
<Images/Usecase/owner.png, id=149, 2308.625pt x 2376.88pt>
File: Images/Usecase/owner.png Graphic file (type png)
<use Images/Usecase/owner.png>
Package pdftex.def Info: Images/Usecase/owner.png  used on input line 46.
(pdftex.def)             Requested size: 295.90587pt x 304.65306pt.
File: Images/hcmut.png Graphic file (type png)
<use Images/hcmut.png>
Package pdftex.def Info: Images/hcmut.png  used on input line 49.
(pdftex.def)             Requested size: 34.13838pt x 34.13751pt.


LaTeX Warning: Reference `LastPage' on page 22 undefined on input line 49.

[22 <./Images/Usecase/renter.png>]
<Images/Usecase/admin.png, id=156, 2702.095pt x 1610.015pt>
File: Images/Usecase/admin.png Graphic file (type png)
<use Images/Usecase/admin.png>
Package pdftex.def Info: Images/Usecase/admin.png  used on input line 53.
(pdftex.def)             Requested size: 295.90587pt x 176.29149pt.
File: Images/hcmut.png Graphic file (type png)
<use Images/hcmut.png>
Package pdftex.def Info: Images/hcmut.png  used on input line 97.
(pdftex.def)             Requested size: 34.13838pt x 34.13751pt.


LaTeX Warning: Reference `LastPage' on page 23 undefined on input line 97.

[23 <./Images/Usecase/owner.png> <./Images/Usecase/admin.png>]
LaTeX Font Info:    Trying to load font information for T5+cmtt on input line 149.
 (C:\Users\ADMIN\AppData\Local\Programs\MiKTeX\tex/latex/vntex\t5cmtt.fd
File: t5cmtt.fd 1999/05/25 v2.5h Standard LaTeX font definitions
)
File: Images/hcmut.png Graphic file (type png)
<use Images/hcmut.png>
Package pdftex.def Info: Images/hcmut.png  used on input line 158.
(pdftex.def)             Requested size: 34.13838pt x 34.13751pt.


LaTeX Warning: Reference `LastPage' on page 24 undefined on input line 158.

[24]
File: Images/hcmut.png Graphic file (type png)
<use Images/hcmut.png>
Package pdftex.def Info: Images/hcmut.png  used on input line 158.
(pdftex.def)             Requested size: 34.13838pt x 34.13751pt.


LaTeX Warning: Reference `LastPage' on page 25 undefined on input line 158.

[25]
File: Images/hcmut.png Graphic file (type png)
<use Images/hcmut.png>
Package pdftex.def Info: Images/hcmut.png  used on input line 198.
(pdftex.def)             Requested size: 34.13838pt x 34.13751pt.


LaTeX Warning: Reference `LastPage' on page 26 undefined on input line 198.

[26]
File: Images/hcmut.png Graphic file (type png)
<use Images/hcmut.png>
Package pdftex.def Info: Images/hcmut.png  used on input line 270.
(pdftex.def)             Requested size: 34.13838pt x 34.13751pt.


LaTeX Warning: Reference `LastPage' on page 27 undefined on input line 270.

[27]
File: Images/hcmut.png Graphic file (type png)
<use Images/hcmut.png>
Package pdftex.def Info: Images/hcmut.png  used on input line 304.
(pdftex.def)             Requested size: 34.13838pt x 34.13751pt.


LaTeX Warning: Reference `LastPage' on page 28 undefined on input line 304.

[28]
File: Images/hcmut.png Graphic file (type png)
<use Images/hcmut.png>
Package pdftex.def Info: Images/hcmut.png  used on input line 376.
(pdftex.def)             Requested size: 34.13838pt x 34.13751pt.


LaTeX Warning: Reference `LastPage' on page 29 undefined on input line 376.

[29]
File: Images/hcmut.png Graphic file (type png)
<use Images/hcmut.png>
Package pdftex.def Info: Images/hcmut.png  used on input line 412.
(pdftex.def)             Requested size: 34.13838pt x 34.13751pt.


LaTeX Warning: Reference `LastPage' on page 30 undefined on input line 412.

[30]
File: Images/hcmut.png Graphic file (type png)
<use Images/hcmut.png>
Package pdftex.def Info: Images/hcmut.png  used on input line 480.
(pdftex.def)             Requested size: 34.13838pt x 34.13751pt.


LaTeX Warning: Reference `LastPage' on page 31 undefined on input line 480.

[31]
File: Images/hcmut.png Graphic file (type png)
<use Images/hcmut.png>
Package pdftex.def Info: Images/hcmut.png  used on input line 514.
(pdftex.def)             Requested size: 34.13838pt x 34.13751pt.


LaTeX Warning: Reference `LastPage' on page 32 undefined on input line 514.

[32]
File: Images/hcmut.png Graphic file (type png)
<use Images/hcmut.png>
Package pdftex.def Info: Images/hcmut.png  used on input line 556.
(pdftex.def)             Requested size: 34.13838pt x 34.13751pt.


LaTeX Warning: Reference `LastPage' on page 33 undefined on input line 556.

[33]
File: Images/hcmut.png Graphic file (type png)
<use Images/hcmut.png>
Package pdftex.def Info: Images/hcmut.png  used on input line 620.
(pdftex.def)             Requested size: 34.13838pt x 34.13751pt.


LaTeX Warning: Reference `LastPage' on page 34 undefined on input line 620.

[34]
File: Images/hcmut.png Graphic file (type png)
<use Images/hcmut.png>
Package pdftex.def Info: Images/hcmut.png  used on input line 654.
(pdftex.def)             Requested size: 34.13838pt x 34.13751pt.


LaTeX Warning: Reference `LastPage' on page 35 undefined on input line 654.

[35]
File: Images/hcmut.png Graphic file (type png)
<use Images/hcmut.png>
Package pdftex.def Info: Images/hcmut.png  used on input line 694.
(pdftex.def)             Requested size: 34.13838pt x 34.13751pt.


LaTeX Warning: Reference `LastPage' on page 36 undefined on input line 694.

[36]
File: Images/hcmut.png Graphic file (type png)
<use Images/hcmut.png>
Package pdftex.def Info: Images/hcmut.png  used on input line 734.
(pdftex.def)             Requested size: 34.13838pt x 34.13751pt.


LaTeX Warning: Reference `LastPage' on page 37 undefined on input line 734.

[37]) (System Analysis/Business process/cont.tex

LaTeX Warning: Reference `fig:rent-activity' on page 38 undefined on input line 6.

File: Images/hcmut.png Graphic file (type png)
<use Images/hcmut.png>
Package pdftex.def Info: Images/hcmut.png  used on input line 7.
(pdftex.def)             Requested size: 34.13838pt x 34.13751pt.

LaTeX Warning: Reference `LastPage' on page 38 undefined on input line 7.

[38]

LaTeX Warning: Reference `fig:return-activity' on page 39 undefined on input line 23.

<Images/Activity/rent.png, id=248, 5151.245pt x 6062.65pt>
File: Images/Activity/rent.png Graphic file (type png)
<use Images/Activity/rent.png>
Package pdftex.def Info: Images/Activity/rent.png  used on input line 41.
(pdftex.def)             Requested size: 455.24408pt x 535.71655pt.
File: Images/hcmut.png Graphic file (type png)
<use Images/hcmut.png>
Package pdftex.def Info: Images/hcmut.png  used on input line 44.
(pdftex.def)             Requested size: 34.13838pt x 34.13751pt.

LaTeX Warning: Reference `LastPage' on page 39 undefined on input line 44.

[39]
<Images/Activity/return.png, id=257, 4348.245pt x 5472.445pt>
File: Images/Activity/return.png Graphic file (type png)
<use Images/Activity/return.png>
Package pdftex.def Info: Images/Activity/return.png  used on input line 48.
(pdftex.def)             Requested size: 455.24408pt x 572.9119pt.
File: Images/hcmut.png Graphic file (type png)
<use Images/hcmut.png>
Package pdftex.def Info: Images/hcmut.png  used on input line 52.
(pdftex.def)             Requested size: 34.13838pt x 34.13751pt.


LaTeX Warning: Reference `LastPage' on page 40 undefined on input line 52.

[40 <./Images/Activity/rent.png>]

LaTeX Warning: Reference `fig:regis-activity' on page 41 undefined on input line 56.

File: Images/hcmut.png Graphic file (type png)
<use Images/hcmut.png>
Package pdftex.def Info: Images/hcmut.png  used on input line 59.
(pdftex.def)             Requested size: 34.13838pt x 34.13751pt.

LaTeX Warning: Reference `LastPage' on page 41 undefined on input line 59.

[41 <./Images/Activity/return.png>]
<Images/Activity/submit.png, id=271, 4938.45pt x 4388.395pt>
File: Images/Activity/submit.png Graphic file (type png)
<use Images/Activity/submit.png>
Package pdftex.def Info: Images/Activity/submit.png  used on input line 62.
(pdftex.def)             Requested size: 455.24408pt x 404.51399pt.
File: Images/hcmut.png Graphic file (type png)
<use Images/hcmut.png>
Package pdftex.def Info: Images/hcmut.png  used on input line 74.
(pdftex.def)             Requested size: 34.13838pt x 34.13751pt.


LaTeX Warning: Reference `LastPage' on page 42 undefined on input line 74.

[42 <./Images/Activity/submit.png>]
<Images/Activity/owner_management.png, id=279, 4737.7pt x 5111.095pt>
File: Images/Activity/owner_management.png Graphic file (type png)
<use Images/Activity/owner_management.png>
Package pdftex.def Info: Images/Activity/owner_management.png  used on input line 81.
(pdftex.def)             Requested size: 455.24408pt x 491.0963pt.


LaTeX Warning: Reference `fig:manage-bike-activity' on page 43 undefined on input line 87.

File: Images/hcmut.png Graphic file (type png)
<use Images/hcmut.png>
Package pdftex.def Info: Images/hcmut.png  used on input line 88.
(pdftex.def)             Requested size: 34.13838pt x 34.13751pt.

LaTeX Warning: Reference `LastPage' on page 43 undefined on input line 88.

[43 <./Images/Activity/owner_management.png>]

LaTeX Warning: Reference `fig:admin-activity' on page 44 undefined on input line 105.

File: Images/hcmut.png Graphic file (type png)
<use Images/hcmut.png>
Package pdftex.def Info: Images/hcmut.png  used on input line 118.
(pdftex.def)             Requested size: 34.13838pt x 34.13751pt.

LaTeX Warning: Reference `LastPage' on page 44 undefined on input line 118.

[44]
<Images/Activity/admin.png, id=293, 5741.45pt x 4308.095pt>
File: Images/Activity/admin.png Graphic file (type png)
<use Images/Activity/admin.png>
Package pdftex.def Info: Images/Activity/admin.png  used on input line 126.
(pdftex.def)             Requested size: 455.24408pt x 341.56505pt.
) (System Analysis/Behavior modeling/cont.tex
File: Images/hcmut.png Graphic file (type png)
<use Images/hcmut.png>
Package pdftex.def Info: Images/hcmut.png  used on input line 1.
(pdftex.def)             Requested size: 34.13838pt x 34.13751pt.


LaTeX Warning: Reference `LastPage' on page 45 undefined on input line 1.

[45 <./Images/Activity/admin.png>]

LaTeX Warning: Reference `fig:rent-sequence' on page 46 undefined on input line 6.

File: Images/hcmut.png Graphic file (type png)
<use Images/hcmut.png>
Package pdftex.def Info: Images/hcmut.png  used on input line 45.
(pdftex.def)             Requested size: 34.13838pt x 34.13751pt.

LaTeX Warning: Reference `LastPage' on page 46 undefined on input line 45.

[46]

LaTeX Warning: Reference `fig:return-sequence' on page 47 undefined on input line 46.

<Images/Sequence/rent.png, id=308, 8925.345pt x 12338.095pt>
File: Images/Sequence/rent.png Graphic file (type png)
<use Images/Sequence/rent.png>
Package pdftex.def Info: Images/Sequence/rent.png  used on input line 74.
(pdftex.def)             Requested size: 432.48048pt x 597.73798pt.
File: Images/hcmut.png Graphic file (type png)
<use Images/hcmut.png>
Package pdftex.def Info: Images/hcmut.png  used on input line 78.
(pdftex.def)             Requested size: 34.13838pt x 34.13751pt.

LaTeX Warning: Reference `LastPage' on page 47 undefined on input line 78.

[47]
<Images/Sequence/return.png, id=314, 8937.39pt x 13751.375pt>
File: Images/Sequence/return.png Graphic file (type png)
<use Images/Sequence/return.png>
Package pdftex.def Info: Images/Sequence/return.png  used on input line 81.
(pdftex.def)             Requested size: 432.48048pt x 665.36719pt.
File: Images/hcmut.png Graphic file (type png)
<use Images/hcmut.png>
Package pdftex.def Info: Images/hcmut.png  used on input line 85.
(pdftex.def)             Requested size: 34.13838pt x 34.13751pt.


LaTeX Warning: Reference `LastPage' on page 48 undefined on input line 85.

[48 <./Images/Sequence/rent.png>]
File: Images/hcmut.png Graphic file (type png)
<use Images/hcmut.png>
Package pdftex.def Info: Images/hcmut.png  used on input line 85.
(pdftex.def)             Requested size: 34.13838pt x 34.13751pt.


LaTeX Warning: Reference `LastPage' on page 49 undefined on input line 85.

[49 <./Images/Sequence/return.png>]

LaTeX Warning: Reference `fig:regis-sequence' on page 50 undefined on input line 87.

<Images/Sequence/regis.png, id=328, 11093.445pt x 8290.975pt>
File: Images/Sequence/regis.png Graphic file (type png)
<use Images/Sequence/regis.png>
Package pdftex.def Info: Images/Sequence/regis.png  used on input line 101.
(pdftex.def)             Requested size: 409.71689pt x 306.15402pt.
File: Images/hcmut.png Graphic file (type png)
<use Images/hcmut.png>
Package pdftex.def Info: Images/hcmut.png  used on input line 113.
(pdftex.def)             Requested size: 34.13838pt x 34.13751pt.

LaTeX Warning: Reference `LastPage' on page 50 undefined on input line 113.

[50 <./Images/Sequence/regis.png>]

LaTeX Warning: Reference `fig:manage-sequence' on page 51 undefined on input line 114.

<Images/Sequence/manage.png, id=336, 9391.085pt x 9053.825pt>
File: Images/Sequence/manage.png Graphic file (type png)
<use Images/Sequence/manage.png>
Package pdftex.def Info: Images/Sequence/manage.png  used on input line 121.
(pdftex.def)             Requested size: 432.48048pt x 416.9369pt.
File: Images/hcmut.png Graphic file (type png)
<use Images/hcmut.png>
Package pdftex.def Info: Images/hcmut.png  used on input line 133.
(pdftex.def)             Requested size: 34.13838pt x 34.13751pt.

LaTeX Warning: Reference `LastPage' on page 51 undefined on input line 133.

[51 <./Images/Sequence/manage.png>]

LaTeX Warning: Reference `fig:accident-sequence' on page 52 undefined on input line 143.

<Images/Sequence/accident.png, id=344, 8234.765pt x 6203.175pt>
File: Images/Sequence/accident.png Graphic file (type png)
<use Images/Sequence/accident.png>
Package pdftex.def Info: Images/Sequence/accident.png  used on input line 161.
(pdftex.def)             Requested size: 455.24408pt x 342.92676pt.
File: Images/hcmut.png Graphic file (type png)
<use Images/hcmut.png>
Package pdftex.def Info: Images/hcmut.png  used on input line 165.
(pdftex.def)             Requested size: 34.13838pt x 34.13751pt.

LaTeX Warning: Reference `LastPage' on page 52 undefined on input line 165.

[52]

LaTeX Warning: Reference `fig:notification-sequence' on page 53 undefined on input line 166.

<Images/Sequence/notification.png, id=350, 7584.335pt x 6990.115pt>
File: Images/Sequence/notification.png Graphic file (type png)
<use Images/Sequence/notification.png>
Package pdftex.def Info: Images/Sequence/notification.png  used on input line 183.
(pdftex.def)             Requested size: 455.24408pt x 419.49547pt.
File: Images/hcmut.png Graphic file (type png)
<use Images/hcmut.png>
Package pdftex.def Info: Images/hcmut.png  used on input line 186.
(pdftex.def)             Requested size: 34.13838pt x 34.13751pt.

LaTeX Warning: Reference `LastPage' on page 53 undefined on input line 186.

[53 <./Images/Sequence/accident.png>]

LaTeX Warning: Reference `fig:admin-approve-sequence' on page 54 undefined on input line 189.

<Images/Sequence/admin_approve.png, id=358, 7861.37pt x 11824.175pt>
File: Images/Sequence/admin_approve.png Graphic file (type png)
<use Images/Sequence/admin_approve.png>
Package pdftex.def Info: Images/Sequence/admin_approve.png  used on input line 194.
(pdftex.def)             Requested size: 455.24408pt x 684.70207pt.
File: Images/hcmut.png Graphic file (type png)
<use Images/hcmut.png>
Package pdftex.def Info: Images/hcmut.png  used on input line 198.
(pdftex.def)             Requested size: 34.13838pt x 34.13751pt.

LaTeX Warning: Reference `LastPage' on page 54 undefined on input line 198.

[54 <./Images/Sequence/notification.png>]
Overfull \vbox (19.57852pt too high) has occurred while \output is active []

File: Images/hcmut.png Graphic file (type png)
<use Images/hcmut.png>
Package pdftex.def Info: Images/hcmut.png  used on input line 198.
(pdftex.def)             Requested size: 34.13838pt x 34.13751pt.


LaTeX Warning: Reference `LastPage' on page 55 undefined on input line 198.

[55 <./Images/Sequence/admin_approve.png>]

LaTeX Warning: Reference `fig:admin-statistic-sequence' on page 56 undefined on input line 221.

<Images/Sequence/admin_statistic.png, id=373, 7556.23pt x 6805.425pt>
File: Images/Sequence/admin_statistic.png Graphic file (type png)
<use Images/Sequence/admin_statistic.png>
Package pdftex.def Info: Images/Sequence/admin_statistic.png  used on input line 233.
(pdftex.def)             Requested size: 455.24408pt x 409.96936pt.
File: Images/hcmut.png Graphic file (type png)
<use Images/hcmut.png>
Package pdftex.def Info: Images/hcmut.png  used on input line 237.
(pdftex.def)             Requested size: 34.13838pt x 34.13751pt.

LaTeX Warning: Reference `LastPage' on page 56 undefined on input line 237.

[56]
File: Images/hcmut.png Graphic file (type png)
<use Images/hcmut.png>
Package pdftex.def Info: Images/hcmut.png  used on input line 250.
(pdftex.def)             Requested size: 34.13838pt x 34.13751pt.


LaTeX Warning: Reference `LastPage' on page 57 undefined on input line 250.

[57 <./Images/Sequence/admin_statistic.png>]

LaTeX Warning: Reference `fig:admin-user-management-sequence' on page 58 undefined on input line 252.


LaTeX Warning: Reference `fig:trust-score-sequence' on page 58 undefined on input line 276.

File: Images/hcmut.png Graphic file (type png)
<use Images/hcmut.png>
Package pdftex.def Info: Images/hcmut.png  used on input line 281.
(pdftex.def)             Requested size: 34.13838pt x 34.13751pt.

LaTeX Warning: Reference `LastPage' on page 58 undefined on input line 281.

[58]
<Images/Sequence/admin_user_management.png, id=390, 9206.395pt x 10820.425pt>
File: Images/Sequence/admin_user_management.png Graphic file (type png)
<use Images/Sequence/admin_user_management.png>
Package pdftex.def Info: Images/Sequence/admin_user_management.png  used on input line 305.
(pdftex.def)             Requested size: 455.24408pt x 534.94403pt.
File: Images/hcmut.png Graphic file (type png)
<use Images/hcmut.png>
Package pdftex.def Info: Images/hcmut.png  used on input line 309.
(pdftex.def)             Requested size: 34.13838pt x 34.13751pt.


LaTeX Warning: Reference `LastPage' on page 59 undefined on input line 309.

[59]
<Images/Sequence/admin_trust_score.png, id=396, 7018.22pt x 8411.425pt>
File: Images/Sequence/admin_trust_score.png Graphic file (type png)
<use Images/Sequence/admin_trust_score.png>
Package pdftex.def Info: Images/Sequence/admin_trust_score.png  used on input line 312.
(pdftex.def)             Requested size: 455.24408pt x 545.60669pt.
) (System Analysis/DataFlow/cont.tex
File: Images/hcmut.png Graphic file (type png)
<use Images/hcmut.png>
Package pdftex.def Info: Images/hcmut.png  used on input line 1.
(pdftex.def)             Requested size: 34.13838pt x 34.13751pt.


LaTeX Warning: Reference `LastPage' on page 60 undefined on input line 1.

[60 <./Images/Sequence/admin_user_management.png>])
File: Images/hcmut.png Graphic file (type png)
<use Images/hcmut.png>
Package pdftex.def Info: Images/hcmut.png  used on input line 384.
(pdftex.def)             Requested size: 34.13838pt x 34.13751pt.


LaTeX Warning: Reference `LastPage' on page 61 undefined on input line 384.

[61 <./Images/Sequence/admin_trust_score.png>] (System Design/Architecture/cont.tex
Overfull \hbox (9.14722pt too wide) in alignment at lines 42--46
 [] [] [] 
 []


Overfull \hbox (9.14722pt too wide) in alignment at lines 46--51
 [] [] [] 
 []


Overfull \hbox (9.14722pt too wide) in alignment at lines 51--54
 [] [] [] 
 []


Overfull \hbox (9.14722pt too wide) in alignment at lines 54--68
 [] [] [] 
 []

File: Images/hcmut.png Graphic file (type png)
<use Images/hcmut.png>
Package pdftex.def Info: Images/hcmut.png  used on input line 68.
(pdftex.def)             Requested size: 34.13838pt x 34.13751pt.

LaTeX Warning: Reference `LastPage' on page 62 undefined on input line 68.

[62]
File: Images/hcmut.png Graphic file (type png)
<use Images/hcmut.png>
Package pdftex.def Info: Images/hcmut.png  used on input line 94.
(pdftex.def)             Requested size: 34.13838pt x 34.13751pt.


LaTeX Warning: Reference `LastPage' on page 63 undefined on input line 94.

[63]
File: Images/hcmut.png Graphic file (type png)
<use Images/hcmut.png>
Package pdftex.def Info: Images/hcmut.png  used on input line 131.
(pdftex.def)             Requested size: 34.13838pt x 34.13751pt.


LaTeX Warning: Reference `LastPage' on page 64 undefined on input line 131.

[64]
<Images/Arch/mvc.png, id=431, 1027.84pt x 578.16pt>
File: Images/Arch/mvc.png Graphic file (type png)
<use Images/Arch/mvc.png>
Package pdftex.def Info: Images/Arch/mvc.png  used on input line 210.
(pdftex.def)             Requested size: 364.18784pt x 204.86192pt.

Underfull \hbox (badness 10000) in paragraph at lines 236--239

 []

File: Images/hcmut.png Graphic file (type png)
<use Images/hcmut.png>
Package pdftex.def Info: Images/hcmut.png  used on input line 239.
(pdftex.def)             Requested size: 34.13838pt x 34.13751pt.

LaTeX Warning: Reference `LastPage' on page 65 undefined on input line 239.

[65 <./Images/Arch/mvc.png (PNG copy)>]
<Images/Arch/mvp.png, id=439, 1027.84pt x 578.16pt>
File: Images/Arch/mvp.png Graphic file (type png)
<use Images/Arch/mvp.png>
Package pdftex.def Info: Images/Arch/mvp.png  used on input line 246.
(pdftex.def)             Requested size: 364.18784pt x 204.86192pt.
File: Images/hcmut.png Graphic file (type png)
<use Images/hcmut.png>
Package pdftex.def Info: Images/hcmut.png  used on input line 275.
(pdftex.def)             Requested size: 34.13838pt x 34.13751pt.


LaTeX Warning: Reference `LastPage' on page 66 undefined on input line 275.

[66 <./Images/Arch/mvp.png (PNG copy)>]
<Images/Arch/mvvm.png, id=447, 1027.84pt x 578.16pt>
File: Images/Arch/mvvm.png Graphic file (type png)
<use Images/Arch/mvvm.png>
Package pdftex.def Info: Images/Arch/mvvm.png  used on input line 280.
(pdftex.def)             Requested size: 364.18784pt x 204.86192pt.
File: Images/hcmut.png Graphic file (type png)
<use Images/hcmut.png>
Package pdftex.def Info: Images/hcmut.png  used on input line 305.
(pdftex.def)             Requested size: 34.13838pt x 34.13751pt.


LaTeX Warning: Reference `LastPage' on page 67 undefined on input line 305.

[67 <./Images/Arch/mvvm.png (PNG copy)>]
<Images/Arch/clean.png, id=454, 774.895pt x 569.12625pt>
File: Images/Arch/clean.png Graphic file (type png)
<use Images/Arch/clean.png>
Package pdftex.def Info: Images/Arch/clean.png  used on input line 314.
(pdftex.def)             Requested size: 409.71689pt x 300.92337pt.
File: Images/hcmut.png Graphic file (type png)
<use Images/hcmut.png>
Package pdftex.def Info: Images/hcmut.png  used on input line 320.
(pdftex.def)             Requested size: 34.13838pt x 34.13751pt.


LaTeX Warning: Reference `LastPage' on page 68 undefined on input line 320.

[68 <./Images/Arch/clean.png (PNG copy)>]
Underfull \hbox (badness 10000) in paragraph at lines 331--331
[]|\T5/cmr/m/n/12 UseCase In-ter-ac-tor,
 []


Underfull \hbox (badness 1348) in paragraph at lines 331--331
\T5/cmr/m/n/12 In-put-Bound-ary, Out-
 []


Underfull \hbox (badness 3229) in paragraph at lines 333--334
[]|\T5/cmr/m/n/12 Chùa logic nghi»p vö
 []


Underfull \hbox (badness 10000) in paragraph at lines 335--335
[]|\T5/cmr/m/n/12 DataAccessInterface,
 []

<Images/Arch/clean_flow.png, id=460, 813.0375pt x 554.07pt>
File: Images/Arch/clean_flow.png Graphic file (type png)
<use Images/Arch/clean_flow.png>
Package pdftex.def Info: Images/Arch/clean_flow.png  used on input line 373.
(pdftex.def)             Requested size: 334.00505pt x 227.62204pt.
File: Images/hcmut.png Graphic file (type png)
<use Images/hcmut.png>
Package pdftex.def Info: Images/hcmut.png  used on input line 395.
(pdftex.def)             Requested size: 34.13838pt x 34.13751pt.

LaTeX Warning: Reference `LastPage' on page 69 undefined on input line 395.

[69]) (System Design/Techstack/cont.tex
File: Images/hcmut.png Graphic file (type png)
<use Images/hcmut.png>
Package pdftex.def Info: Images/hcmut.png  used on input line 8.
(pdftex.def)             Requested size: 34.13838pt x 34.13751pt.


LaTeX Warning: Reference `LastPage' on page 70 undefined on input line 8.

[70 <./Images/Arch/clean_flow.png (PNG copy)>]
File: Images/hcmut.png Graphic file (type png)
<use Images/hcmut.png>
Package pdftex.def Info: Images/hcmut.png  used on input line 72.
(pdftex.def)             Requested size: 34.13838pt x 34.13751pt.


LaTeX Warning: Reference `LastPage' on page 71 undefined on input line 72.

[71]
File: Images/hcmut.png Graphic file (type png)
<use Images/hcmut.png>
Package pdftex.def Info: Images/hcmut.png  used on input line 116.
(pdftex.def)             Requested size: 34.13838pt x 34.13751pt.


LaTeX Warning: Reference `LastPage' on page 72 undefined on input line 116.

[72]
File: Images/hcmut.png Graphic file (type png)
<use Images/hcmut.png>
Package pdftex.def Info: Images/hcmut.png  used on input line 147.
(pdftex.def)             Requested size: 34.13838pt x 34.13751pt.


LaTeX Warning: Reference `LastPage' on page 73 undefined on input line 147.

[73]
File: Images/hcmut.png Graphic file (type png)
<use Images/hcmut.png>
Package pdftex.def Info: Images/hcmut.png  used on input line 181.
(pdftex.def)             Requested size: 34.13838pt x 34.13751pt.


LaTeX Warning: Reference `LastPage' on page 74 undefined on input line 181.

[74] (System Design/Architecture/deployment.tex
<Images/Deploy/arch.png, id=502, 3697.815pt x 3758.04pt>
File: Images/Deploy/arch.png Graphic file (type png)
<use Images/Deploy/arch.png>
Package pdftex.def Info: Images/Deploy/arch.png  used on input line 4.
(pdftex.def)             Requested size: 318.66946pt x 323.81592pt.
))
File: Images/hcmut.png Graphic file (type png)
<use Images/hcmut.png>
Package pdftex.def Info: Images/hcmut.png  used on input line 389.
(pdftex.def)             Requested size: 34.13838pt x 34.13751pt.


LaTeX Warning: Reference `LastPage' on page 75 undefined on input line 389.

[75 <./Images/Deploy/arch.png>] (System Details/Database/cont.tex
<Images/Design/DB/EERD.png, id=510, 8274.915pt x 6387.865pt>
File: Images/Design/DB/EERD.png Graphic file (type png)
<use Images/Design/DB/EERD.png>
Package pdftex.def Info: Images/Design/DB/EERD.png  used on input line 5.
(pdftex.def)             Requested size: 432.48048pt x 333.83765pt.
File: Images/hcmut.png Graphic file (type png)
<use Images/hcmut.png>
Package pdftex.def Info: Images/hcmut.png  used on input line 28.
(pdftex.def)             Requested size: 34.13838pt x 34.13751pt.


LaTeX Warning: Reference `LastPage' on page 76 undefined on input line 28.

[76 <./Images/Design/DB/EERD.png>]
Underfull \hbox (badness 10000) in paragraph at lines 44--48
\T5/cmr/bx/n/10.95 Thuëc t½nh ch½nh: \T5/cmtt/m/n/10.95 id\T5/cmr/m/n/10.95 , \T5/cmtt/m/n/10.95 renterId (FK)\T5/cmr/m/n/10.95 , \T5/cmtt/m/n/10.95 vehicleId (FK)\T5/cmr/m/n/10.95 , \T5/cmtt/m/n/10.95 startTime\T5/cmr/m/n/10.95 , \T5/cmtt/m/n/10.95 endTime\T5/cmr/m/n/10.95 ,
 []


Underfull \hbox (badness 2856) in paragraph at lines 51--55
\T5/cmr/bx/n/10.95 Thuëc t½nh ch½nh: \T5/cmtt/m/n/10.95 id\T5/cmr/m/n/10.95 , \T5/cmtt/m/n/10.95 bookingId (FK)\T5/cmr/m/n/10.95 , \T5/cmtt/m/n/10.95 transactionId\T5/cmr/m/n/10.95 , \T5/cmtt/m/n/10.95 amount\T5/cmr/m/n/10.95 , \T5/cmtt/m/n/10.95 method\T5/cmr/m/n/10.95 , \T5/cmtt/m/n/10.95 status\T5/cmr/m/n/10.95 ,
 []

File: Images/hcmut.png Graphic file (type png)
<use Images/hcmut.png>
Package pdftex.def Info: Images/hcmut.png  used on input line 76.
(pdftex.def)             Requested size: 34.13838pt x 34.13751pt.

LaTeX Warning: Reference `LastPage' on page 77 undefined on input line 76.

[77]
<Images/Design/DB/user-notify.png, id=524, 3501.08pt x 1650.165pt>
File: Images/Design/DB/user-notify.png Graphic file (type png)
<use Images/Design/DB/user-notify.png>
Package pdftex.def Info: Images/Design/DB/user-notify.png  used on input line 86.
(pdftex.def)             Requested size: 227.62204pt x 107.26448pt.
<Images/Design/DB/admin-report.png, id=525, 2457.18pt x 1533.73pt>
File: Images/Design/DB/admin-report.png Graphic file (type png)
<use Images/Design/DB/admin-report.png>
Package pdftex.def Info: Images/Design/DB/admin-report.png  used on input line 100.
(pdftex.def)             Requested size: 227.62204pt x 142.05502pt.
<Images/Design/DB/owner-vehicle.png, id=526, 2577.63pt x 2055.68pt>
File: Images/Design/DB/owner-vehicle.png Graphic file (type png)
<use Images/Design/DB/owner-vehicle.png>
Package pdftex.def Info: Images/Design/DB/owner-vehicle.png  used on input line 114.
(pdftex.def)             Requested size: 227.62204pt x 181.52147pt.
File: Images/hcmut.png Graphic file (type png)
<use Images/hcmut.png>
Package pdftex.def Info: Images/hcmut.png  used on input line 118.
(pdftex.def)             Requested size: 34.13838pt x 34.13751pt.


LaTeX Warning: Reference `LastPage' on page 78 undefined on input line 118.

[78 <./Images/Design/DB/user-notify.png> <./Images/Design/DB/admin-report.png>]
<Images/Design/DB/renter-booking.png, id=538, 3199.955pt x 2095.83pt>
File: Images/Design/DB/renter-booking.png Graphic file (type png)
<use Images/Design/DB/renter-booking.png>
Package pdftex.def Info: Images/Design/DB/renter-booking.png  used on input line 128.
(pdftex.def)             Requested size: 227.62204pt x 149.0576pt.
<Images/Design/DB/vehicle-booking.png, id=539, 4259.915pt x 1614.03pt>
File: Images/Design/DB/vehicle-booking.png Graphic file (type png)
<use Images/Design/DB/vehicle-booking.png>
Package pdftex.def Info: Images/Design/DB/vehicle-booking.png  used on input line 148.
(pdftex.def)             Requested size: 227.62204pt x 86.22292pt.
File: Images/hcmut.png Graphic file (type png)
<use Images/hcmut.png>
Package pdftex.def Info: Images/hcmut.png  used on input line 152.
(pdftex.def)             Requested size: 34.13838pt x 34.13751pt.


LaTeX Warning: Reference `LastPage' on page 79 undefined on input line 152.

[79 <./Images/Design/DB/owner-vehicle.png> <./Images/Design/DB/renter-booking.png>]
<Images/Design/DB/booking-payment.png, id=548, 3778.115pt x 1413.28pt>
File: Images/Design/DB/booking-payment.png Graphic file (type png)
<use Images/Design/DB/booking-payment.png>
Package pdftex.def Info: Images/Design/DB/booking-payment.png  used on input line 162.
(pdftex.def)             Requested size: 227.62204pt x 85.13817pt.
<Images/Design/DB/user.png, id=549, 2914.89pt x 2497.33pt>
File: Images/Design/DB/user.png Graphic file (type png)
<use Images/Design/DB/user.png>
Package pdftex.def Info: Images/Design/DB/user.png  used on input line 175.
(pdftex.def)             Requested size: 227.62204pt x 194.9891pt.
)
File: Images/hcmut.png Graphic file (type png)
<use Images/hcmut.png>
Package pdftex.def Info: Images/hcmut.png  used on input line 392.
(pdftex.def)             Requested size: 34.13838pt x 34.13751pt.


LaTeX Warning: Reference `LastPage' on page 80 undefined on input line 392.

[80 <./Images/Design/DB/vehicle-booking.png> <./Images/Design/DB/booking-payment.png> <./Images/Design/DB/user.png>]
File: Images/hcmut.png Graphic file (type png)
<use Images/hcmut.png>
Package pdftex.def Info: Images/hcmut.png  used on input line 395.
(pdftex.def)             Requested size: 34.13838pt x 34.13751pt.


LaTeX Warning: Reference `LastPage' on page 81 undefined on input line 395.

[81]
File: Images/hcmut.png Graphic file (type png)
<use Images/hcmut.png>
Package pdftex.def Info: Images/hcmut.png  used on input line 398.
(pdftex.def)             Requested size: 34.13838pt x 34.13751pt.


LaTeX Warning: Reference `LastPage' on page 82 undefined on input line 398.

[82]
File: Images/hcmut.png Graphic file (type png)
<use Images/hcmut.png>
Package pdftex.def Info: Images/hcmut.png  used on input line 405.
(pdftex.def)             Requested size: 34.13838pt x 34.13751pt.


LaTeX Warning: Reference `LastPage' on page 83 undefined on input line 405.

[83] (Refs/cont.tex)

LaTeX Warning: Empty bibliography on input line 410.


Package lastpage Warning: Rerun to get the references right on input line 413.


AED: lastpage setting LastPage
File: Images/hcmut.png Graphic file (type png)
<use Images/hcmut.png>
Package pdftex.def Info: Images/hcmut.png  used on input line 413.
(pdftex.def)             Requested size: 34.13838pt x 34.13751pt.

LaTeX Warning: Reference `LastPage' on page 84 undefined on input line 413.

[84]

Package longtable Warning: Table widths have changed. Rerun LaTeX.

(main.aux)
 ***********
LaTeX2e <2023-11-01> patch level 1
L3 programming layer <2024-01-04>
 ***********


LaTeX Font Warning: Size substitutions with differences
(Font)              up to 0.6pt have occurred.


LaTeX Warning: There were undefined references.


LaTeX Warning: Label(s) may have changed. Rerun to get cross-references right.


Package rerunfilecheck Warning: File `main.out' has changed.
(rerunfilecheck)                Rerun to get outlines right
(rerunfilecheck)                or use package `bookmark'.

Package rerunfilecheck Info: Checksums for `main.out':
(rerunfilecheck)             Before: <no file>
(rerunfilecheck)             After:  3456E8CECFFB5B9AE36ED236354F9FFB;12597.

Package biblatex Warning: Please (re)run Biber on the file:
(biblatex)                main
(biblatex)                and rerun LaTeX afterwards.

Package logreq Info: Writing requests to 'main.run.xml'.
\openout1 = `main.run.xml'.

 ) 
Here is how much of TeX's memory you used:
 42871 strings out of 474486
 840596 string characters out of 5743754
 1953542 words of memory out of 5000000
 64114 multiletter control sequences out of 15000+600000
 588293 words of font info for 105 fonts, out of 8000000 for 9000
 1141 hyphenation exceptions out of 8191
 119i,24n,154p,1186b,5237s stack positions out of 10000i,1000n,20000p,200000b,200000s
 <C:\Users\ADMIN\AppData\Local\MiKTeX\fonts/pk/ljfour/jknappen/ec/dpi600\tcrm1095.pk> <C:\Users\ADMIN\AppData\Local\MiKTeX\fonts/pk/ljfour/jknappen/ec/dpi600\tcrm1200.pk><C:/Users/ADMIN/AppData/Local/Programs/MiKTeX/fonts/type1/public/amsfonts/cm/cmmi12.pfb><C:/Users/ADMIN/AppData/Local/Programs/MiKTeX/fonts/type1/public/amsfonts/cm/cmr8.pfb><C:/Users/ADMIN/AppData/Local/Programs/MiKTeX/fonts/type1/public/amsfonts/cm/cmsy10.pfb><C:/Users/ADMIN/AppData/Local/Programs/MiKTeX/fonts/type1/urw/zapfding/uzdr.pfb><C:/Users/ADMIN/AppData/Local/Programs/MiKTeX/fonts/type1/vntex/vnr/vnbx10.pfb><C:/Users/ADMIN/AppData/Local/Programs/MiKTeX/fonts/type1/vntex/vnr/vnbx12.pfb><C:/Users/ADMIN/AppData/Local/Programs/MiKTeX/fonts/type1/vntex/vnr/vnbx8.pfb><C:/Users/ADMIN/AppData/Local/Programs/MiKTeX/fonts/type1/vntex/vnr/vnbxti10.pfb><C:/Users/ADMIN/AppData/Local/Programs/MiKTeX/fonts/type1/vntex/vnr/vnitt10.pfb><C:/Users/ADMIN/AppData/Local/Programs/MiKTeX/fonts/type1/vntex/vnr/vnr10.pfb><C:/Users/ADMIN/AppData/Local/Programs/MiKTeX/fonts/type1/vntex/vnr/vnr12.pfb><C:/Users/ADMIN/AppData/Local/Programs/MiKTeX/fonts/type1/vntex/vnr/vnr17.pfb><C:/Users/ADMIN/AppData/Local/Programs/MiKTeX/fonts/type1/vntex/vnr/vnr8.pfb><C:/Users/ADMIN/AppData/Local/Programs/MiKTeX/fonts/type1/vntex/vnr/vnti10.pfb><C:/Users/ADMIN/AppData/Local/Programs/MiKTeX/fonts/type1/vntex/vnr/vnti12.pfb><C:/Users/ADMIN/AppData/Local/Programs/MiKTeX/fonts/type1/vntex/vnr/vntt10.pfb><C:/Users/ADMIN/AppData/Local/Programs/MiKTeX/fonts/type1/vntex/vnr/vntt12.pfb>
Output written on main.pdf (85 pages, 19665864 bytes).
PDF statistics:
 739 PDF objects out of 1000 (max. 8388607)
 232 named destinations out of 1000 (max. 500000)
 183 words of extra memory for PDF output out of 10000 (max. 10000000)

